obelix_id,composition,reason,num_candidates
mp-1194339,Li3SbS3,No MP candidates with bulk modulus,
e6a_generated,Li53La24Zr13Ta2O96,No MP candidates with bulk modulus,
mp-1222859,Li2La3Nd(SbO6)2,No MP candidates with bulk modulus,
5d6_generated,Li18La8Zr5O32,No MP candidates with bulk modulus,
mp-1177906,Li2Ti3CoO8,No MP candidates with bulk modulus,
08e_generated,Li6ZrTi10(PO4)18,No MP candidates with bulk modulus,
mp-1020022,Li3B(PO4)2,No MP candidates with bulk modulus,
tbu_generated,Li7ZnGa(PO4)4,No MP candidates with bulk modulus,
mp-756316,Li3SbS4,No structure match found,3.0
kxh_generated,PrTi2O6,No MP candidates with bulk modulus,
xxq_generated,Li9AlS8,No MP candidates with bulk modulus,
mp-1222481,LiCe(MoO4)2,No MP candidates with bulk modulus,
mp-38487,Li7BiO6,No MP candidates with bulk modulus,
bnh_generated,Li24P3(S5Br)4,No MP candidates with bulk modulus,
aax_generated,BaLi21La11Ta8O48,No MP candidates with bulk modulus,
mp-1203004,Li9Mg3P4O16F3,No MP candidates with bulk modulus,
kgl_generated,Li24P4S20BrCl3,No MP candidates with bulk modulus,
9s4_generated,Li7Ti10Al(PO4)18,No MP candidates with bulk modulus,
6hq_generated,Li6La3ZrTaO12,No MP candidates with bulk modulus,
c6e_generated,Li24P4Se3(S4Br)4,No MP candidates with bulk modulus,
mp-683616,Li5Ti7In(PO4)12,No MP candidates with bulk modulus,
mp-696123,Li10Sn(PS6)2,No MP candidates with bulk modulus,
mp-1020057,LiLaO2,No MP candidates with bulk modulus,
mtr_generated,Li45La23Zr16FeO96,No MP candidates with bulk modulus,
1tk_generated,Li49La24Zr12(MoO32)3,No MP candidates with bulk modulus,
9wf_generated,Li3ErI6,No MP candidates with bulk modulus,
mp-7020,LiYO2,No MP candidates with bulk modulus,
4uu_generated,Li49La24Zr14Ta2GaO96,No MP candidates with bulk modulus,
mp-28510,Li3BiO3,No MP candidates with bulk modulus,
sdz_generated,Li49La24Zr14Ta2AlO96,No MP candidates with bulk modulus,
mp-1040451,Li20Si3P3S23Cl,No MP candidates with bulk modulus,
mp-771281,Li5V4(PO4)6,No MP candidates with bulk modulus,
mp-677627,Li3Nd3(TeO6)2,No MP candidates with bulk modulus,
mp-34148,Li2MnCl4,No MP candidates with bulk modulus,
mp-28253,LiBiO2,No MP candidates with bulk modulus,
mp-6248,LiGd(PO3)4,No MP candidates with bulk modulus,
bw3_generated,LaTiO5,No MP candidates with bulk modulus,
mp-29365,Li5BiO5,No MP candidates with bulk modulus,
mp-27508,Li6Br3N,No MP candidates with bulk modulus,
mp-22983,LiAlCl4,No MP candidates with bulk modulus,
mp-16283,KNa2Li3Fe2(Si2O5)6,No MP candidates with bulk modulus,
a3e_generated,Li2HfIn(PO4)3,No MP candidates with bulk modulus,
t17_generated,Li24P3(S5I)4,No MP candidates with bulk modulus,
zyx_generated,Li40La24YNb14O96,No MP candidates with bulk modulus,
klr_generated,Li4Sn(SeS)2,No MP candidates with bulk modulus,
h82_generated,Li24P4S20I3Br,No MP candidates with bulk modulus,
hbz_generated,Li24P4S19Br4,No MP candidates with bulk modulus,
oi4_generated,O2,No structure match found,3.0
ik8_generated,Li20Sn(PS6)4,No MP candidates with bulk modulus,
r07_generated,Li54La24Zr15TeO96,No MP candidates with bulk modulus,
bi3_generated,SrLi6La2(SbO6)2,No MP candidates with bulk modulus,
j5g_generated,Li12La6YNb3O24,No MP candidates with bulk modulus,
mp-767402,LiLaTi2O6,No MP candidates with bulk modulus,
t1l_generated,Li7Ti12Si(P2O9)8,No MP candidates with bulk modulus,
pfi_generated,Li9Ge(PS6)2,No MP candidates with bulk modulus,
qvu_generated,Li20La12YNb7O48,No MP candidates with bulk modulus,
nf0_generated,Li3Ti3Al(PO4)6,No MP candidates with bulk modulus,
mp-3346454,Li2MgCl4,No MP candidates with bulk modulus,
9o6_generated,Li26La12Zr7MoO48,No MP candidates with bulk modulus,
ed4_generated,Li7AlGe10(PO4)18,No MP candidates with bulk modulus,
mp-1203266,SrLi2Al4(PO5)4,No MP candidates with bulk modulus,
ciq_generated,Li52La24Zr14MoO96,No MP candidates with bulk modulus,
mp-1194700,Li4SnSe4,No MP candidates with bulk modulus,
3rh_generated,Li26La12Y3Nb5O48,No MP candidates with bulk modulus,
bt0_generated,Li52La23Zr11Ta4O96,No MP candidates with bulk modulus,
mp-1238771,Li2CeSm(MoO4)4,No MP candidates with bulk modulus,
0y6_generated,Li9Al3Ge8(PO4)18,No MP candidates with bulk modulus,
7ek_generated,Li14Ge3O16,No MP candidates with bulk modulus,
tjh_generated,Li10Al4Ge7(PO4)18,No MP candidates with bulk modulus,
09w_generated,Li24P3(S5Br)4,No MP candidates with bulk modulus,
mp-29582,Li2CrCl4,No MP candidates with bulk modulus,
66a_generated,Li27La12Zr7NbO48,No MP candidates with bulk modulus,
mp-554747,Li5La3Nb2O12,No MP candidates with bulk modulus,
l9r_generated,Li6CaLa2Ta2O12,No MP candidates with bulk modulus,
mp-1222649,Li2MgTi3O8,No MP candidates with bulk modulus,
f0h_generated,Li9Ge(PS6)2,No MP candidates with bulk modulus,
ijh_generated,Li40La24Nb15O96,No MP candidates with bulk modulus,
t3k_generated,Li15Mn7Cl32,No MP candidates with bulk modulus,
jce_generated,O2,No structure match found,3.0
mp-1222635,Li2PS3,No MP candidates with bulk modulus,
kh3_generated,Li13La6Zr3TaO24,No MP candidates with bulk modulus,
mp-1235123,CsLiTa(PO4)2,No MP candidates with bulk modulus,
my9_generated,Li7Ti10Al(PO4)18,No MP candidates with bulk modulus,
3uq_generated,Li7AlGe10(PO4)18,No MP candidates with bulk modulus,
mp-1222986,Li3Fe(MoO4)3,No MP candidates with bulk modulus,
mp-1222525,LiAlGeO4,No MP candidates with bulk modulus,
wa3_generated,Li51La24Zr16AlO96,No MP candidates with bulk modulus,
mp-39387,SrLiTa2O6F,No MP candidates with bulk modulus,
lh8_generated,Li7Hf10Cr(PO4)18,No MP candidates with bulk modulus,
mp-1173014,Li5GeP3,No MP candidates with bulk modulus,
mp-772076,Sr4Li4Nb5FeO20,No MP candidates with bulk modulus,
ag1_generated,Li7AlGe10(PO4)18,No MP candidates with bulk modulus,
kab_generated,Li7Ti10Al(PO4)18,No MP candidates with bulk modulus,
lap_generated,Li7Ti10Al(PO4)18,No MP candidates with bulk modulus,
mp-1105323,LiNdTi2O6,No MP candidates with bulk modulus,
mp-775628,Li5La3(SbO6)2,No MP candidates with bulk modulus,
ish_generated,Li24P3(S5Br)4,No MP candidates with bulk modulus,
z2s_generated,Li11Nd6Zr4AlO24,No MP candidates with bulk modulus,
mp-1222565,Li4B7ClO12,No MP candidates with bulk modulus,
q46_generated,Li40La24Nb15O96,No MP candidates with bulk modulus,
mp-1222672,LiMgAl(MoO4)3,No MP candidates with bulk modulus,
mp-766433,Sr3Li4Nb6O20,No MP candidates with bulk modulus,
21m_generated,Li6Hf11(PO4)18,No MP candidates with bulk modulus,
mp-28326,LiGaBr4,No MP candidates with bulk modulus,
coi_generated,Ba5Li25La7Ta8O48,No MP candidates with bulk modulus,
mp-1035532,LiLaMg14O16,No MP candidates with bulk modulus,
mp-1020666,Li4P2O7,No MP candidates with bulk modulus,
dvb_generated,Li41La24Nb15O96,No MP candidates with bulk modulus,
mp-720509,Li10Si(PS6)2,No MP candidates with bulk modulus,
ob9_generated,LiPS3,No MP candidates with bulk modulus,
5fj_generated,LaTi2O6,No MP candidates with bulk modulus,
mp-557738,Li3BiO4,No MP candidates with bulk modulus,
o86_generated,BaLi11La5Ta4O24,No MP candidates with bulk modulus,
tlp_generated,Ba2Li7LaTa2O12,No MP candidates with bulk modulus,
1xf_generated,Li3AlGe3(PO4)6,No MP candidates with bulk modulus,
81x_generated,LaTi2O6,No MP candidates with bulk modulus,
mp-6175,BaLi2P2O7,No MP candidates with bulk modulus,
ueu_generated,Li45La24Zr12Ta4O96,No MP candidates with bulk modulus,
mp-769597,Li2CoGe3O8,No MP candidates with bulk modulus,
mp-1194523,Li2CaTa2O7,No MP candidates with bulk modulus,
vqj_generated,Li24P4S20IBr3,No MP candidates with bulk modulus,
il5_generated,TaO3,No structure match found,1.0
1m8_generated,Li27Ge3(S5I)4,No MP candidates with bulk modulus,
za6_generated,Li6Ge11(PO4)18,No MP candidates with bulk modulus,
ew5_generated,Li7Hf10Fe(PO4)18,No MP candidates with bulk modulus,
lz8_generated,Li3Ti3Ga(PO4)6,No MP candidates with bulk modulus,
ci1_generated,Li6Zr10Ti(PO4)18,No MP candidates with bulk modulus,
mp-1223017,Li2TiCr(PO4)3,No MP candidates with bulk modulus,
z53_generated,Li52La24Zr12Ta3O96,No MP candidates with bulk modulus,
gl0_generated,Li8SiS8,No MP candidates with bulk modulus,
7kf_generated,Li10Ti9Al(PO4)18,No MP candidates with bulk modulus,
lxk_generated,Li26Ge2P(S5I)4,No MP candidates with bulk modulus,
ff9_generated,Li52La20Y4Zr12Ta3O96,No MP candidates with bulk modulus,
ysm_generated,Sr8Li8Nb15(O6F)8,No MP candidates with bulk modulus,
h8a_generated,Li7Hf10Sc(PO4)18,No MP candidates with bulk modulus,
rg6_generated,Li8Ti9Al2(PO4)18,No MP candidates with bulk modulus,
mp-554395,Na5Li3(TiS4)2,No MP candidates with bulk modulus,
d6f_generated,Li56La24Zr15AlO96,No MP candidates with bulk modulus,
mp-753719,SrLiNb2O6F,No MP candidates with bulk modulus,
fnu_generated,Li19Ge2(PS6)4,No MP candidates with bulk modulus,
ym6_generated,Li7Ti10Al(PO4)18,No MP candidates with bulk modulus,
test_CIF,LiGd(PO3)4,No MP candidates with bulk modulus,
8m3_generated,Li40La24YNb14O96,No MP candidates with bulk modulus,
mp-753690,Li4H3BrO3,No MP candidates with bulk modulus,
w3n_generated,Li8Ti9Al2(PO4)18,No MP candidates with bulk modulus,
7w5_generated,Li27La12Zr7TaO48,No MP candidates with bulk modulus,
mp-772260,Li10Ti4O13,No MP candidates with bulk modulus,
0vd_generated,LaTi2O6,No MP candidates with bulk modulus,
uht_generated,Li26La12Zr7TeO48,No MP candidates with bulk modulus,
mp-696125,Li10Si(PO6)2,No MP candidates with bulk modulus,
cz2_generated,Li4SnSe3S,No MP candidates with bulk modulus,
7iw_generated,BaLi18Ge2(PS6)4,No MP candidates with bulk modulus,
mp-1222972,Li2TiFe(PO4)3,No MP candidates with bulk modulus,
lf5_generated,BaLi6La2Nb2O12,No MP candidates with bulk modulus,
mp-1223173,Li3H4IN2,No MP candidates with bulk modulus,
o0a_generated,Li16SnGe3Se16,No MP candidates with bulk modulus,
hud_generated,BaLi6La2Ta2O12,No MP candidates with bulk modulus,
vwn_generated,Ba7Li27La5Ta8O48,No MP candidates with bulk modulus,
ar1_generated,Li4SnSeS3,No MP candidates with bulk modulus,
hpu_generated,Li2HfCr(PO4)3,No MP candidates with bulk modulus,
kbu_generated,Li45La24Sm2Ta13O96,No MP candidates with bulk modulus,
i4l_generated,Li4GeSe3S,No MP candidates with bulk modulus,
l2w_generated,Li3(PS3)2,No MP candidates with bulk modulus,
mp-5418,Li6Zr2O7,No MP candidates with bulk modulus,
9n0_generated,NbO3,No MP candidates with bulk modulus,
mp-772524,LiTi2(PO4)3,No MP candidates with bulk modulus,
906_generated,Li19Ge2(PS6)4,No MP candidates with bulk modulus,
9rc_generated,Li20Ge(PS6)4,No MP candidates with bulk modulus,
dll_generated,Li51La24Zr11(SbO24)4,No MP candidates with bulk modulus,
l8t_generated,Li7YTi10(PO4)18,No MP candidates with bulk modulus,
g5q_generated,Li13La6Zr3TaO24,No MP candidates with bulk modulus,
50s_generated,Li8Ti9Al2(PO4)18,No MP candidates with bulk modulus,
mp-25423,LiVPO4F,No MP candidates with bulk modulus,
2wb_generated,Li52La24Zr12Ta3O96,No MP candidates with bulk modulus,
mp-541272,LiGe2(PO4)3,No MP candidates with bulk modulus,
mp-1106183,LiAlS2,No MP candidates with bulk modulus,
mp-30249,Li4GeS4,No MP candidates with bulk modulus,
mp-1111288,Li3InCl6,No MP candidates with bulk modulus,
a6v_generated,Li43La24Y6Nb14O96,No MP candidates with bulk modulus,
n7a_generated,Li5YZrCl12,No MP candidates with bulk modulus,
vg0_generated,Li3AlGe3(PO4)6,No MP candidates with bulk modulus,
mp-705887,Li2TiCr(PO4)3,No MP candidates with bulk modulus,
dae_generated,Li48La24Sm4Ta11O96,No MP candidates with bulk modulus,
fam_generated,Li47La24Sm3Ta12O96,No MP candidates with bulk modulus,
duf_generated,Li52La24Zr12(SbO32)3,No MP candidates with bulk modulus,
mp-1232382,LiSiPO5,No MP candidates with bulk modulus,
mp-1223420,Li14Nd5Si11N19O7F2,No MP candidates with bulk modulus,
oxc_generated,Li8Ti9Al2(PO4)18,No MP candidates with bulk modulus,
w1l_generated,O2,No structure match found,3.0
mg4_generated,Li7Ti10Al(PO4)18,No MP candidates with bulk modulus,
mp-695021,Li3Ti3Fe(PO4)6,No MP candidates with bulk modulus,
mp-541661,LiZr2(PO4)3,No MP candidates with bulk modulus,
iqt_generated,Li8Ti9Al2(PO4)18,No MP candidates with bulk modulus,
qtc_generated,KLi22La11Nb8O48,No MP candidates with bulk modulus,
dq4_generated,Li7ScTi10(PO4)18,No MP candidates with bulk modulus,
mp-772416,Li2Ti3Sn(PO4)6,No MP candidates with bulk modulus,
smk_generated,LiAlSb(PO4)3,No MP candidates with bulk modulus,
nng_generated,Li9Ti3Al3Ge4(PO4)18,No MP candidates with bulk modulus,
u8r_generated,Ba3LiZrTa5(Si2O13)2,No MP candidates with bulk modulus,
tp2_generated,Li9Ti8Al3(PO4)18,No MP candidates with bulk modulus,
q9f_generated,Li25GeP2(S5I)4,No MP candidates with bulk modulus,
cju_generated,Li24P4Se(S9Br2)2,No MP candidates with bulk modulus,
ux3_generated,Sm9Si6O25,No MP candidates with bulk modulus,
z9y_generated,Li7Ti10Al(PO4)18,No MP candidates with bulk modulus,
zfg_generated,Li52La24Zr12Ta3O96,No MP candidates with bulk modulus,
mp-754075,LiHfPCO7,No MP candidates with bulk modulus,
cti_generated,Li43La24YNb14O96,No MP candidates with bulk modulus,
3vi_generated,Ba3Li13La3Ta4O24,No MP candidates with bulk modulus,
dvs_generated,Li56La24Zr15O96,No MP candidates with bulk modulus,
deu_generated,Li8GeS8,No MP candidates with bulk modulus,
gwu_generated,O2,No structure match found,3.0
x2v_generated,Li24P3(S5Br)4,No MP candidates with bulk modulus,
utv_generated,Li25GeP3(S5I)4,No MP candidates with bulk modulus,
1kq_generated,Li24P4Se2S17Br4,No MP candidates with bulk modulus,
gw2_generated,Li8Al2Ge9(PO4)18,No MP candidates with bulk modulus,
l6h_generated,Li49La24Zr14TaAlO96,No MP candidates with bulk modulus,
97b_generated,Li3Sc3O8,No MP candidates with bulk modulus,
u5t_generated,Li3AlGe3(PO4)6,No MP candidates with bulk modulus,
dm9_generated,Li6La3ZrSbO12,No MP candidates with bulk modulus,
gjy_generated,Li8Ti9Ga2(PO4)18,No MP candidates with bulk modulus,
96f_generated,Li24P4Se2S17Br4,No MP candidates with bulk modulus,
g5g_generated,Li2ZrCr(PO4)3,No MP candidates with bulk modulus,
sib_generated,LaMgWO6,No MP candidates with bulk modulus,
mp-686736,Sr5Li25La7(BiO6)8,No MP candidates with bulk modulus,
mp-1177409,Li4Fe3Sb(PO4)4,No MP candidates with bulk modulus,
0fa_generated,Li7Ti10Al(PO4)18,No MP candidates with bulk modulus,
3ta_generated,Li7Ti10Ga(PO4)18,No MP candidates with bulk modulus,
mp-1218768,Sr2LiLaTi4O12,No MP candidates with bulk modulus,
pa1_generated,Li26Ge2P(S5I)4,No MP candidates with bulk modulus,
kji_generated,Li51La24Zr11Ta4O96,No MP candidates with bulk modulus,
mp-861268,LiLaNb2O7,No MP candidates with bulk modulus,
gnq_generated,Li8Lu2Hf9(PO4)18,No MP candidates with bulk modulus,
rty_generated,Li20Sn(PS6)4,No MP candidates with bulk modulus,
mp-767424,KLiSb3O8,No MP candidates with bulk modulus,
mp-19373,LiVO3,No MP candidates with bulk modulus,
mp-1191302,Li6Cu(B2O5)2,No MP candidates with bulk modulus,
4k1_generated,Li6Hf11(PO4)18,No MP candidates with bulk modulus,
h8o_generated,Li9AlS8,No MP candidates with bulk modulus,
fkj_generated,Li13SiP(S5Br)2,No MP candidates with bulk modulus,
9l3_generated,Li7Hf10In(PO4)18,No MP candidates with bulk modulus,
ozo_generated,NbO3,No MP candidates with bulk modulus,
mp-686239,Sr5Li25La7Nb8O48,No MP candidates with bulk modulus,
mp-1191696,LiCr(MoO4)2,No MP candidates with bulk modulus,
gdr_generated,Li49La24Zr9Ta6O96,No MP candidates with bulk modulus,
whw_generated,Li54La24Zr14SbO96,No MP candidates with bulk modulus,
mp-758334,Li6Cr3Sb(PO4)6,No MP candidates with bulk modulus,
mp-942733,Li7La3Zr2O12,No MP candidates with bulk modulus,
9z8_generated,Li2ZrIn(PO4)3,No MP candidates with bulk modulus,
mp-1198788,Ba6Li2Si4ClO15,No MP candidates with bulk modulus,
goi_generated,LiH7C3NClO,No MP candidates with bulk modulus,
ymc_generated,Li12P2S10IBr,No MP candidates with bulk modulus,
xkh_generated,Li6Zr11(PO4)18,No MP candidates with bulk modulus,
c0g_generated,Li22La12SmTa7O48,No MP candidates with bulk modulus,
uxi_generated,Li13Mn5(InCl16)2,No MP candidates with bulk modulus,
mp-4657,Li5GaO4,No MP candidates with bulk modulus,
xa0_generated,Li3Ti3Al(PO4)6,No MP candidates with bulk modulus,
mp-36330,Li2VCl4,No MP candidates with bulk modulus,
vj7_generated,Li25SiP3(S5Br)4,No MP candidates with bulk modulus,
mp-1232994,LiSm4Ti2Mn2O12,No MP candidates with bulk modulus,
mp-761986,Li5La3Nb2O12,No MP candidates with bulk modulus,
t2c_generated,Li24P4Se3(S4Br)4,No MP candidates with bulk modulus,
aab_generated,Li16Sn3GeSe16,No MP candidates with bulk modulus,
my5_generated,LaTiO5,No MP candidates with bulk modulus,
mp-558105,LiB6O9F,No MP candidates with bulk modulus,
8ub_generated,Li21Si2(PS8)3,No MP candidates with bulk modulus,
mp-1097036,Li3PS4,No structure match found,1.0
e0z_generated,Li8La2Ti9(PO4)18,No MP candidates with bulk modulus,
7tu_generated,Li20Si(PS8)3,No MP candidates with bulk modulus,
mp-1147723,Li4Zn(PS4)2,No MP candidates with bulk modulus,
vlm_generated,O2,No structure match found,3.0
sso_generated,Li8Y2Hf9(PO4)18,No MP candidates with bulk modulus,
hai_generated,LiCaP6(PbO4)6,No MP candidates with bulk modulus,
3zo_generated,Li24P3(S5Br)4,No MP candidates with bulk modulus,
mp-19219,Li3VO4,No MP candidates with bulk modulus,
mp-10520,LiNdTiO4,No MP candidates with bulk modulus,
mp-695291,Li25Ca5La7Nb8O48,No MP candidates with bulk modulus,
1pw_generated,LaTiO5,No MP candidates with bulk modulus,
o5q_generated,Li54La24Zr14TaO96,No MP candidates with bulk modulus,
mp-1222777,Li2CePr(MoO4)4,No MP candidates with bulk modulus,
ui6_generated,Li20Si2(PS8)3,No MP candidates with bulk modulus,
2d1_generated,Li22La12YNb7O48,No MP candidates with bulk modulus,
mp-554782,Li2Ga2GeS6,No MP candidates with bulk modulus,
i90_generated,Li49La24Zr9(SbO16)6,No MP candidates with bulk modulus,
mp-721239,Li10Ge(PSe6)2,No MP candidates with bulk modulus,
mp-1198622,Li7La3Hf2O12,No MP candidates with bulk modulus,
lpx_generated,Li6Zr11(PO4)18,No MP candidates with bulk modulus,
d9l_generated,Li12P2SeS9Br2,No MP candidates with bulk modulus,
8y4_generated,Li52La23YZr12Ta3O96,No MP candidates with bulk modulus,
v07_generated,Li11La6Zr4GaO24,No MP candidates with bulk modulus,
mp-985582,Li6PS5I,No structure match found,1.0
mp-18640,LiTi2(PO4)3,No MP candidates with bulk modulus,
uwh_generated,Li40La24Zr3Ta12O96,No MP candidates with bulk modulus,
mp-27653,LiAlH4,No structure match found,1.0
ij5_generated,Li12P2S10BrCl,No MP candidates with bulk modulus,
mp-5001,Li3BN2,No MP candidates with bulk modulus,
dti_generated,Li52La23Zr11Ta4O96,No MP candidates with bulk modulus,
mp-8702,LiGaGeO4,No MP candidates with bulk modulus,
mp-1104386,Li6PClO5,No MP candidates with bulk modulus,
mp-760348,Li10Zn3(GeO4)4,No MP candidates with bulk modulus,
mp-696128,Li10Ge(PS6)2,No MP candidates with bulk modulus,
ner_generated,BaLi6La2Ta2O12,No MP candidates with bulk modulus,
mp-4558,Li4GeO4,No MP candidates with bulk modulus,
ctg_generated,Li7LaTi10(PO4)18,No MP candidates with bulk modulus,
ucw_generated,Li52La22Y2Zr12Ta3O96,No MP candidates with bulk modulus,
v1q_generated,Li54La24Zr14TaO96,No MP candidates with bulk modulus,
mp-1210789,Li2SiS3,No MP candidates with bulk modulus,
sqm_generated,BaSrLi12La4Ta4O24,No MP candidates with bulk modulus,
mp-1196415,Li2Al2(SiO4)3,No MP candidates with bulk modulus,
mp-849384,Li11V8(PO4)12,No MP candidates with bulk modulus,
1dm_generated,Li9Al3Ge8(PO4)18,No MP candidates with bulk modulus,
ylt_generated,Li8Hf9In2(PO4)18,No MP candidates with bulk modulus,
8fn_generated,Li10Al4Ge7(PO4)18,No MP candidates with bulk modulus,
7o7_generated,BaLi6La2Ta2O12,No MP candidates with bulk modulus,
mp-643259,Li4H3ClO3,No MP candidates with bulk modulus,
h89_generated,BaLi6La2Ta2O12,No MP candidates with bulk modulus,
mdj_generated,Li7Ti12Si(P2O9)8,No MP candidates with bulk modulus,
dx2_generated,Li6Hf11(PO4)18,No MP candidates with bulk modulus,
mp-1223687,Li3Ce4B12(H12Cl)4,No MP candidates with bulk modulus,
x9a_generated,Li7Ti10Ga(PO4)18,No MP candidates with bulk modulus,
qkr_generated,Li7LaTi10(PO4)18,No MP candidates with bulk modulus,
5xk_generated,Li53La24Zr13Ta2O96,No MP candidates with bulk modulus,
544_generated,BaLi6La2Ta2O12,No MP candidates with bulk modulus,
mp-695286,Li11Sc7Ti(PO4)12,No MP candidates with bulk modulus,
mp-706279,Li2ZrFe(PO4)3,No MP candidates with bulk modulus,
5z8_generated,Li45La24Zr12Al2(WO48)2,No MP candidates with bulk modulus,
72f_generated,Li50La24Zr16AlO96,No MP candidates with bulk modulus,
1ty_generated,Li4GeSeS3,No MP candidates with bulk modulus,
dlj_generated,Li6PSeS4Br,No MP candidates with bulk modulus,
wng_generated,Li7Hf10In(PO4)18,No MP candidates with bulk modulus,
suz_generated,Li51La24Zr13(MoO48)2,No MP candidates with bulk modulus,
mp-756170,Sr3LiTa4(O6F)2,No MP candidates with bulk modulus,
czo_generated,Li7ScTi10(PO4)18,No MP candidates with bulk modulus,
zqx_generated,Li52La24Zr12Ta3O96,No MP candidates with bulk modulus,
mp-1220731,NaLaNb2O7,No MP candidates with bulk modulus,
700000_generated,LaMgWO6,No MP candidates with bulk modulus,
mp-27968,Li6Ge2O7,No MP candidates with bulk modulus,
mp-694934,Li2TiFe(PO4)3,No MP candidates with bulk modulus,
mp-1195718,Li4SnS4,No MP candidates with bulk modulus,
f7p_generated,Li7Ti10Al(PO4)18,No MP candidates with bulk modulus,
0v9_generated,Li22La12Nb7InO48,No MP candidates with bulk modulus,
mp-559776,Li5La3Ta2O12,No MP candidates with bulk modulus,
mp-1190364,Li2SnS3,No MP candidates with bulk modulus,
mp-1235205,Sr2LiLaTaO6,No MP candidates with bulk modulus,
mp-632815,Li10Ge(PO6)2,No MP candidates with bulk modulus,
mp-641703,Li7P3S11,No MP candidates with bulk modulus,
8ee_generated,Li51La24Zr16AlO94,No MP candidates with bulk modulus,
0fh_generated,Li7AlGe10(PO4)18,No MP candidates with bulk modulus,
9ph_generated,La2Ti3O12,No MP candidates with bulk modulus,
10s_generated,Li25SiP2(S5Br)4,No MP candidates with bulk modulus,
x9d_generated,Li24P3(S5Br)4,No MP candidates with bulk modulus,
kop_generated,Li20Ge(PS6)4,No MP candidates with bulk modulus,
mp-776356,Li2SbS2,No MP candidates with bulk modulus,
mp-696138,Li10Ge(PS6)2,No MP candidates with bulk modulus,
wmr_generated,Li8SiS8,No MP candidates with bulk modulus,
mp-1198780,LiSbO2,No MP candidates with bulk modulus,
mp-677490,Li4Nd3SbTeO12,No MP candidates with bulk modulus,
mp-8926,Li3BN2,No MP candidates with bulk modulus,
5gj_generated,Li24P3(S5I)4,No MP candidates with bulk modulus,
c71_generated,Ba2Li52La21Zr9Ta6O96,No MP candidates with bulk modulus,
x61_generated,Li7Ti10(PO4)18,No MP candidates with bulk modulus,
mp-1139957,LiY(TlCl3)2,No MP candidates with bulk modulus,
iiy_generated,Li24P3(S5Br)4,No MP candidates with bulk modulus,
3tt_generated,Li7Ti10(PO4)18,No MP candidates with bulk modulus,
7gm_generated,BaLi52La22Zr10Ta5O96,No MP candidates with bulk modulus,
hyj_generated,Li6Ti11(PO4)18,No MP candidates with bulk modulus,
jej_generated,Li6CaLa2Ta2O12,No MP candidates with bulk modulus,
4ie_generated,Li48La24Zr16Ga2O94F,No MP candidates with bulk modulus,
419_generated,Li42La24SmTa14O96,No MP candidates with bulk modulus,
xnb_generated,Li5B2P(H2S)4,No MP candidates with bulk modulus,
kf7_generated,Li24P3(S5I)4,No MP candidates with bulk modulus,
znj_generated,Li13GeP(S5I)2,No MP candidates with bulk modulus,
lud_generated,O2,No structure match found,3.0
mp-18809,Li2VGeO5,No MP candidates with bulk modulus,
tzl_generated,Li6Ti11(PO4)18,No MP candidates with bulk modulus,
mp-696129,Li10Si(PS6)2,No MP candidates with bulk modulus,
mp-557756,Li4Zn(PO4)2,No MP candidates with bulk modulus,
9yt_generated,Li24P4S20Br3Cl,No MP candidates with bulk modulus,
6xc_generated,Li6Hf11(PO4)18,No MP candidates with bulk modulus,
mp-9406,Li2La2Ti3O10,No MP candidates with bulk modulus,
mp-1147681,Li10Zn(PS4)4,No MP candidates with bulk modulus,
sxv_generated,LiTaAl(PO4)3,No MP candidates with bulk modulus,
mp-2646995,Li3PS4,No structure match found,1.0
uut_generated,Li24P4Se(S9Br2)2,No MP candidates with bulk modulus,
hzf_generated,Li7Ti10Al(PO4)18,No MP candidates with bulk modulus,
usu_generated,Li8SnS8,No MP candidates with bulk modulus,
mp-1235020,Sr4LiSm2Ta2O12,No MP candidates with bulk modulus,
r99_generated,LaMgWO6,No MP candidates with bulk modulus,
qer_generated,Li8SnGeSe8,No MP candidates with bulk modulus,
p4l_generated,Li7LaTi10(PO4)18,No MP candidates with bulk modulus,
0ew_generated,Li6La3ZrTaO12,No MP candidates with bulk modulus,
jdk_generated,Li7LuHf10(PO4)18,No MP candidates with bulk modulus,
lc1_generated,Li7Ta5Al6(PO4)18,No MP candidates with bulk modulus,
wsd_generated,Li25SiP2(S5Br)4,No MP candidates with bulk modulus,
s2v_generated,Li44La23Zr16FeO96,No MP candidates with bulk modulus,
gzp_generated,Li7LuHf10(PO4)18,No MP candidates with bulk modulus,
zv5_generated,Li4Ge(SeS)2,No MP candidates with bulk modulus,
mp-758770,Li2Mg3Ti6O16,No MP candidates with bulk modulus,
yqu_generated,Li7Ti10Al(PO4)18,No MP candidates with bulk modulus,
3o4_generated,Li25La12Zr8GaO48,No MP candidates with bulk modulus,
yq2_generated,Li6Ti11(PO4)18,No MP candidates with bulk modulus,
mp-38008,Li2CdCl4,No MP candidates with bulk modulus,
5qw_generated,Li25GeP2(S5I)4,No MP candidates with bulk modulus,
s3r_generated,Li2O2,No structure match found,1.0
z16_generated,Li24P4S19Br4,No MP candidates with bulk modulus,
mp-1147619,Li3YBr6,No MP candidates with bulk modulus,
mp-721236,Li10Sn(PS6)2,No MP candidates with bulk modulus,
mp-1020646,NaLi2B(PO4)2,No MP candidates with bulk modulus,
uox_generated,Li7Zn(PO4)4,No MP candidates with bulk modulus,
4vd_generated,Li27La12Zr7TaO48,No MP candidates with bulk modulus,
dbs_generated,Li13La6Zr3TaO24,No MP candidates with bulk modulus,
ppz_generated,Li7Hf10In(PO4)18,No MP candidates with bulk modulus,
vus_generated,Li3LaTi3(PO4)6,No MP candidates with bulk modulus,
mp-5854,LiGaO2,No structure match found,1.0
e81_generated,Sr8Li8Ta15(O6F)8,No MP candidates with bulk modulus,
mp-753769,Sr3Li3La5O12,No MP candidates with bulk modulus,
mp-37436,Li7SbO6,No MP candidates with bulk modulus,
jq7_generated,Li7YHf10(PO4)18,No MP candidates with bulk modulus,
bnu_generated,Li2AlGa(GeO4)2,No MP candidates with bulk modulus,
fkt_generated,Li7LaTi10(PO4)18,No MP candidates with bulk modulus,
