material_id,formula,pbe_bandgap,hse_bandgap,material_class,correction,density,formation_energy
synthetic_000001,ClLi2Na3O2S2,3.596,4.471,antiperovskite,0.875,5.16,-2.463
synthetic_000002,GeLi12Na6S7Sn,4.196,4.976,thiophosphate,0.78,2.94,-2.708
synthetic_000003,LaLi2O10SrTi,3.984,5.151,perovskite,1.167,5.95,-2.334
synthetic_000004,Al2GaNa3Nb2,6.992,8.124,oxide,1.132,3.89,-1.47
synthetic_000005,Ca2Li3Mg2,5.534,6.549,borohydride,1.015,2.1,-0.305
synthetic_000006,GaGeN6Na,2.085,3.048,nitride,0.963,2.49,-2.147
synthetic_000007,InSe5Te3Zn2,1.806,2.339,chalcogenide,0.533,6.31,-0.158
synthetic_000008,BaLa,3.514,4.421,perovskite,0.907,5.42,-1.188
synthetic_000009,Ca2Li,3.469,4.526,perovskite,1.057,5.99,-2.313
synthetic_000010,Br2Li6Na2O2S2,4.307,5.147,antiperovskite,0.84,4.2,-0.489
synthetic_000011,Ca2F2La2Na3O0,7.51,8.964,fluoride,1.454,2.72,-0.521
synthetic_000012,AsBr3Li7P2,3.01,3.778,argyrodite,0.768,4.94,-0.354
synthetic_000013,F3La2MgNa2Y,5.218,6.455,fluoride,1.237,2.04,-0.217
synthetic_000014,Ge2P3S11Se8Si2,3.077,3.89,thiophosphate,0.813,4.94,-1.121
synthetic_000015,InMg2Se5Te4,3.153,3.844,chalcogenide,0.691,2.44,-0.345
synthetic_000016,Na6P3Si2,4.522,5.401,thiophosphate,0.879,4.9,-2.498
synthetic_000017,GeNa7PS7Se9,4.718,5.412,thiophosphate,0.694,5.55,0.244
synthetic_000018,BaLiMgNaY2,6.935,8.07,fluoride,1.135,5.54,-0.762
synthetic_000019,Br3Cl2I2PSb2,4.182,4.87,argyrodite,0.688,6.25,0.157
synthetic_000020,LaNa2O3,5.864,7.336,fluoride,1.472,4.59,-0.442
synthetic_000021,As2Ge2Na5SiSn2,4.564,5.222,thiophosphate,0.658,7.55,-0.902
synthetic_000022,K2Na,1.892,2.742,phosphate,0.85,2.58,-0.342
synthetic_000023,InNa4S4Se6Te,2.258,2.958,chalcogenide,0.7,6.74,-1.591
synthetic_000024,B2Ca2Li4Mg2,4.182,5.271,borohydride,1.089,6.82,-2.911
synthetic_000025,AlKLi5Na2Zr2,1.761,2.562,phosphate,0.801,4.5,-1.414
synthetic_000026,NNa4S,3.58,4.375,antiperovskite,0.795,5.31,-1.024
synthetic_000027,La3Nb3TaTi2,5.36,6.349,perovskite,0.989,7.3,-1.469
synthetic_000028,AlBCa2Li3Na3,5.286,6.224,borohydride,0.938,3.02,-1.792
synthetic_000029,AsBrCl2Li7P2,2.608,3.272,argyrodite,0.664,2.71,0.16
synthetic_000030,Li6Mg2Na3Zn2,2.513,3.198,chalcogenide,0.685,7.83,-0.718
synthetic_000031,Br2NNa3O2,3.136,4.015,antiperovskite,0.879,2.77,0.071
synthetic_000032,Cl5Li2Y2Zr2,3.905,4.917,halide,1.012,6.35,-1.305
synthetic_000033,F4Y,4.308,5.17,halide,0.862,6.32,-2.627
synthetic_000034,Ga2Li2Na3P2Zr2,2.856,3.827,phosphate,0.971,7.06,-1.398
synthetic_000035,La4Na4O11Y2,3.883,4.932,garnet,1.049,6.42,-1.819
synthetic_000036,AlBaF7LaY,5.062,6.456,fluoride,1.394,7.53,0.319
synthetic_000037,AlMg2Na3,3.27,4.339,borohydride,1.069,2.13,-2.112
synthetic_000038,Ge2S6,2.874,3.477,thiophosphate,0.603,2.94,-0.719
synthetic_000039,Ga2Na,2.423,3.347,phosphate,0.924,3.65,-2.757
synthetic_000040,GaSi2,4.304,5.265,nitride,0.961,4.44,-2.178
synthetic_000041,PS7Sb2,3.829,4.624,argyrodite,0.795,6.32,-0.632
synthetic_000042,BrClO2S,3.672,4.449,antiperovskite,0.777,2.85,-1.335
synthetic_000043,O11Ta2Ti,4.671,5.809,perovskite,1.138,6.48,0.385
synthetic_000044,As2Br2Li4Na6,2.634,3.278,argyrodite,0.644,6.69,-0.34
synthetic_000045,Ca2Li6S5Te,4.064,4.861,chalcogenide,0.797,7.96,-0.455
synthetic_000046,Al2Ba2CaO0,5.469,6.936,fluoride,1.467,2.25,-0.952
synthetic_000047,F3Na,5.988,6.969,halide,0.981,5.93,-2.03
synthetic_000048,Ge2P2Sn2,2.302,2.93,thiophosphate,0.628,4.6,-0.461
synthetic_000049,Nb2O9SnTi2Zr,6.206,7.255,oxide,1.049,7.94,0.226
synthetic_000050,B3Li3,4.248,5.321,borohydride,1.073,7.87,-2.079
synthetic_000051,AlLi2Mg,5.171,6.373,fluoride,1.202,6.59,-0.743
synthetic_000052,Ca2Li3,5.401,6.453,borohydride,1.052,2.15,-2.181
synthetic_000053,AlO6Sn2Ti,4.739,5.706,oxide,0.967,3.47,0.158
synthetic_000054,La3O12TaZr2,5.74,6.937,garnet,1.197,7.53,-2.871
synthetic_000055,Gd3Ta2,3.672,5.041,garnet,1.369,5.52,-1.941
synthetic_000056,GaNa2Si2,6.618,7.667,oxide,1.049,4.76,-0.426
synthetic_000057,Ca2Ta2,2.824,3.733,perovskite,0.909,5.94,-1.151
synthetic_000058,Ga2Li3O11,1.647,2.579,phosphate,0.932,2.7,0.455
synthetic_000059,AlIn2Li2TiZr2,5.763,6.808,oxide,1.045,6.77,-0.328
synthetic_000060,Al2InNbSi,5.988,7.051,oxide,1.063,6.08,-1.343
synthetic_000061,GeNa5S13,3.412,4.012,thiophosphate,0.6,6.23,-0.463
synthetic_000062,S5Se,3.82,4.41,chalcogenide,0.59,6.58,-1.843
synthetic_000063,Cl2Li3N2O2,3.933,4.787,antiperovskite,0.854,5.29,-1.266
synthetic_000064,GeIn2Li6N6,4.817,5.747,nitride,0.93,5.71,0.276
synthetic_000065,Li12PS10Se7Sn,3.809,4.642,thiophosphate,0.833,2.03,-2.237
synthetic_000066,AsGe2Se9,2.246,3.093,thiophosphate,0.847,7.4,-2.844
synthetic_000067,Br6Cl4I4Sc,4.182,5.005,halide,0.823,2.72,-0.188
synthetic_000068,S5Te,4.144,4.702,chalcogenide,0.558,5.81,-1.321
synthetic_000069,AsLi4S6Si,3.439,4.047,thiophosphate,0.608,3.18,-0.682
synthetic_000070,AlB4Mg2,4.46,5.56,borohydride,1.1,7.21,-1.232
synthetic_000071,GdLa2Ta2Y3Zr3,4.308,5.34,garnet,1.032,5.42,-0.632
synthetic_000072,Ge2Li2N3Na2,2.035,2.821,nitride,0.786,2.57,-0.27
synthetic_000073,Hf2Na3Sc,6.013,6.911,halide,0.898,5.62,0.267
synthetic_000074,LiNb2Sn,6.938,7.843,oxide,0.905,6.43,0.174
synthetic_000075,Ga2Ge2O5Si2Ti,5.957,6.892,oxide,0.935,4.81,-0.229
synthetic_000076,Li6LuNa6Zr,5.555,6.66,garnet,1.105,3.15,0.355
synthetic_000077,Ge2In2,5.919,6.972,oxide,1.053,2.43,-1.37
synthetic_000078,Nb2Sn2TiZr2,5.294,6.247,oxide,0.953,3.52,-1.874
synthetic_000079,Br6ErI6In2Sc2,4.199,5.045,halide,0.846,5.69,-1.261
synthetic_000080,Al2CaMgNa,5.54,6.468,borohydride,0.928,6.48,-0.521
synthetic_000081,Al2In2Si2Zr,6.216,7.343,oxide,1.127,7.04,-2.619
synthetic_000082,Cl3Li6S5,3.814,4.519,argyrodite,0.705,2.12,0.459
synthetic_000083,Br6In2,6.207,7.041,halide,0.834,5.04,0.4
synthetic_000084,GeSn,6.383,7.303,oxide,0.92,4.63,-2.007
synthetic_000085,ILi7P2Se3,3.695,4.437,argyrodite,0.742,4.15,-1.176
synthetic_000086,Li5Na3OS,3.881,4.68,antiperovskite,0.799,4.84,0.286
synthetic_000087,Ge2Ti,5.573,6.757,oxide,1.184,3.57,-0.297
synthetic_000088,Al2Ge2In2SiTi,4.352,5.287,oxide,0.935,7.45,0.384
synthetic_000089,HfLa3Li6Lu,5.732,6.817,garnet,1.085,3.84,-0.861
synthetic_000090,Hf2I4Li4,3.529,4.365,halide,0.836,6.2,-0.012
synthetic_000091,AlNa,3.844,4.611,nitride,0.767,3.34,-1.734
synthetic_000092,AlB3Mg,5.75,6.772,borohydride,1.022,2.03,-2.6
synthetic_000093,Al2Na4Ti,1.807,2.66,phosphate,0.853,4.2,-1.137
synthetic_000094,Cl3HfNaY2,3.751,4.755,halide,1.004,5.36,-2.109
synthetic_000095,Cl3Li6Na4S6Sb2,2.724,3.504,argyrodite,0.78,2.9,-1.973
synthetic_000096,La3NbZr2,4.462,5.593,perovskite,1.131,7.85,-1.531
synthetic_000097,GeSi,3.025,3.902,thiophosphate,0.877,5.07,0.107
synthetic_000098,Al2Ca2F2MgNa2,7.058,8.238,fluoride,1.18,6.84,-2.161
synthetic_000099,GaO9Zr2,6.011,7.005,oxide,0.994,7.54,-0.639
synthetic_000100,La4Li8Y3,5.507,6.887,garnet,1.38,4.41,-0.283
synthetic_000101,ErF3Y2,4.506,5.39,halide,0.884,6.42,-2.391
synthetic_000102,Na2Nb2SiSn2,6.165,7.407,oxide,1.242,6.59,0.457
synthetic_000103,Na5P2SbSe6,3.096,3.875,argyrodite,0.779,3.35,-1.227
synthetic_000104,Cl2NO2S2,4.411,5.213,antiperovskite,0.802,4.84,-1.799
synthetic_000105,Al2In,3.734,4.399,chalcogenide,0.665,4.46,0.487
synthetic_000106,La4LuNa6Y3Zr2,3.372,4.767,garnet,1.395,5.22,-1.142
synthetic_000107,Li6Zn2,2.412,3.032,chalcogenide,0.62,4.48,-1.459
synthetic_000108,Al2Ga2In2O3Si,3.564,4.547,nitride,0.983,2.94,-2.162
synthetic_000109,Al2B4Mg2,4.573,5.554,borohydride,0.981,2.06,-2.055
synthetic_000110,BrI2Na6S7Se6,2.77,3.426,argyrodite,0.656,2.3,-0.223
synthetic_000111,Ga2GeO7Zr2,5.81,7.084,oxide,1.274,6.06,0.213
synthetic_000112,CaGaMg2,2.61,3.144,chalcogenide,0.534,7.81,-1.691
synthetic_000113,HfLa3Ta2,3.827,4.914,garnet,1.087,7.66,-1.209
synthetic_000114,Cl3Zr,4.508,5.527,halide,1.019,7.06,-2.705
synthetic_000115,As2Ge2Sn,4.256,4.922,thiophosphate,0.666,5.01,-2.635
synthetic_000116,BaCaLa3Nb3,5.447,6.48,perovskite,1.033,2.24,-1.75
synthetic_000117,Na4P,3.451,4.394,phosphate,0.943,4.71,-0.767
synthetic_000118,AlInLi4N6,3.209,4.19,nitride,0.981,4.01,-2.049
synthetic_000119,Li4Ti,2.54,3.502,phosphate,0.962,4.12,-2.764
synthetic_000120,Ga2Li5Na4SnTi2,6.689,7.674,oxide,0.985,5.55,0.461
synthetic_000121,Br2Li5NNa2S,3.128,3.855,antiperovskite,0.727,5.91,-2.305
synthetic_000122,Ga2In2Li,2.474,3.287,nitride,0.813,6.94,-1.573
synthetic_000123,Lu3Y4Zr2,5.643,7.007,garnet,1.364,2.11,-0.438
synthetic_000124,Al2K2O10,3.015,3.936,phosphate,0.921,7.55,-1.517
synthetic_000125,ClS,3.977,4.793,antiperovskite,0.816,5.74,-2.958
synthetic_000126,Gd2La4Li5Na5Y4,5.208,6.585,garnet,1.377,3.66,-2.065
synthetic_000127,In2Te,3.034,3.779,chalcogenide,0.745,3.5,-2.29
synthetic_000128,Ba2O11SrZr,4.976,5.955,perovskite,0.979,6.99,-0.388
synthetic_000129,AlB2Li2Mg2Zn2,4.1,4.981,borohydride,0.881,2.26,-1.208
synthetic_000130,GaLi4Na3P3Zr,2.695,3.519,phosphate,0.824,2.23,-0.773
synthetic_000131,KO9Ti,2.483,3.318,phosphate,0.835,4.35,-0.012
synthetic_000132,Cl7ErI4In2Zr,5.034,5.961,halide,0.927,6.81,-2.026
synthetic_000133,K2O9P4,1.533,2.449,phosphate,0.916,3.53,0.047
synthetic_000134,CaH12MgNa3Zn2,5.675,6.48,borohydride,0.805,4.46,0.335
synthetic_000135,La2LiZr2,4.234,5.222,perovskite,0.988,5.4,-0.566
synthetic_000136,CaLi3NaO14Ta,4.536,5.69,perovskite,1.154,5.15,-0.744
synthetic_000137,Al2B4H6,4.857,5.935,borohydride,1.078,2.95,-1.069
synthetic_000138,BrNa2OS,3.845,4.602,antiperovskite,0.757,6.01,-2.666
synthetic_000139,AlBa2Ca2La2,6.462,7.883,fluoride,1.421,3.43,0.471
synthetic_000140,Br2I2Li7S4Se4,3.498,4.171,argyrodite,0.673,2.39,-2.902
synthetic_000141,Li5N2Na3O,3.512,4.485,antiperovskite,0.973,5.33,-2.218
synthetic_000142,CaO13TaTi,4.408,5.603,perovskite,1.195,5.05,-2.176
synthetic_000143,Br2Na4PS7,3.692,4.311,argyrodite,0.619,4.81,-0.848
synthetic_000144,Br2Se5,2.713,3.368,argyrodite,0.655,3.35,-2.589
synthetic_000145,B3Li4Na3,5.488,6.524,borohydride,1.036,3.78,-2.655
synthetic_000146,Br4Cl8Er2Sc2Y2,4.82,5.78,halide,0.96,4.17,-1.154
synthetic_000147,Nb2Sr2Ta2TiZr,3.349,4.43,perovskite,1.081,3.88,-1.833
synthetic_000148,LiSc,3.903,4.961,halide,1.058,7.13,-0.74
synthetic_000149,Na3O16PTi2Zr,3.787,4.718,phosphate,0.931,5.61,0.484
synthetic_000150,AsLi9Na8S15Si,3.107,3.837,thiophosphate,0.73,2.41,-0.857
synthetic_000151,InLi3Na4OSi,2.922,3.738,nitride,0.816,2.82,-2.774
synthetic_000152,HfLi8Lu2O13Ta,3.144,4.385,garnet,1.241,3.87,-2.967
synthetic_000153,La3Na4Ta,4.531,5.713,garnet,1.182,2.79,-2.602
synthetic_000154,CaMgO2,5.95,7.251,fluoride,1.301,2.91,-2.05
synthetic_000155,Li4Na2S,4.014,4.837,antiperovskite,0.823,3.49,-1.66
synthetic_000156,Li2Mg2NaO,6.732,8.157,fluoride,1.425,2.72,-0.517
synthetic_000157,F5HfLi3,3.554,4.635,halide,1.081,5.23,-0.108
synthetic_000158,GeLi7S6Se9,3.311,4.08,thiophosphate,0.769,4.01,0.027
synthetic_000159,MgNa3,4.707,5.54,borohydride,0.833,2.87,-0.404
synthetic_000160,Al2InS8Te,3.556,4.141,chalcogenide,0.585,6.18,0.429
synthetic_000161,As2INa4S7,4.448,5.093,argyrodite,0.645,2.76,-1.227
synthetic_000162,KNa2P2Zr,3.153,4.017,phosphate,0.864,7.64,-2.401
synthetic_000163,In2Li4N2O3Si,2.275,3.171,nitride,0.896,2.69,-2.859
synthetic_000164,Cl2NNa2OS2,4.994,5.872,antiperovskite,0.878,2.83,0.199
synthetic_000165,Li3Na3S,2.532,3.49,antiperovskite,0.958,5.36,-2.499
synthetic_000166,CaIn2S2Zn2,3.116,3.786,chalcogenide,0.67,2.21,-1.964
synthetic_000167,La2Na3Zr2,4.45,5.457,garnet,1.007,3.88,-2.022
synthetic_000168,Br2ClLi5,3.419,4.225,antiperovskite,0.806,4.8,-2.483
synthetic_000169,BaLaNaO7,3.501,4.64,perovskite,1.139,3.55,-0.744
synthetic_000170,GeLi10Na4P2S6,2.311,3.035,thiophosphate,0.724,3.25,0.053
synthetic_000171,Gd3La4Na6O10Ta2,3.074,4.385,garnet,1.311,7.05,-1.133
synthetic_000172,Cl3Hf,6.103,7.062,halide,0.959,5.74,-2.146
synthetic_000173,Al2B2H6Li2Mg,5.965,7.025,borohydride,1.06,4.76,-1.584
synthetic_000174,Na2SiSnZr2,5.315,6.327,oxide,1.012,5.07,-0.819
synthetic_000175,La2Na5TaY2,4.08,5.239,garnet,1.159,5.11,-1.548
synthetic_000176,SrZr,4.435,5.463,perovskite,1.028,2.02,0.138
synthetic_000177,BaLa2Nb3Sr2Zr,2.863,3.979,perovskite,1.116,7.58,-0.784
synthetic_000178,AsGe2S16,3.055,3.861,thiophosphate,0.806,5.95,-1.243
synthetic_000179,Al2NaO8,3.188,4.004,phosphate,0.816,5.73,-0.794
synthetic_000180,Li8S8,3.489,4.221,argyrodite,0.732,6.85,-2.222
synthetic_000181,B2Li4,4.105,4.956,borohydride,0.851,2.93,-0.923
synthetic_000182,B3CaMgZn2,5.806,6.736,borohydride,0.93,5.47,-0.206
synthetic_000183,Li5Se4,2.174,2.939,chalcogenide,0.765,7.79,-0.083
synthetic_000184,Cl8Na2Y2,6.014,7.061,halide,1.047,4.8,-2.194
synthetic_000185,Hf2Na3Y3Zr3,5.485,6.72,garnet,1.235,3.12,-2.869
synthetic_000186,Ca2Mg,3.682,4.701,borohydride,1.019,6.7,-0.259
synthetic_000187,Br5Cl3Na2,4.053,5.051,halide,0.998,4.56,-1.501
synthetic_000188,KNa,2.885,3.82,phosphate,0.935,3.82,-1.456
synthetic_000189,CaLi4Na2,5.812,6.668,borohydride,0.856,7.91,-2.936
synthetic_000190,Gd3HfLu2Na5,4.105,5.455,garnet,1.35,3.0,-0.613
synthetic_000191,GaIn2N2Si,4.495,5.453,nitride,0.958,2.75,0.387
synthetic_000192,As2P3Se7Sn2,3.518,4.177,thiophosphate,0.659,4.51,-0.237
synthetic_000193,GeP2S15Si2Sn2,3.833,4.725,thiophosphate,0.892,4.05,-0.13
synthetic_000194,ClLi2Na2O2S2,4.633,5.426,antiperovskite,0.793,2.76,0.098
synthetic_000195,Br5I2Na2Sc,4.718,5.594,halide,0.876,5.41,-1.485
synthetic_000196,ErHf2Sc,5.56,6.399,halide,0.839,3.09,-1.108
synthetic_000197,AsSe5,2.834,3.459,argyrodite,0.625,2.55,-2.546
synthetic_000198,Na5Zr,5.858,6.904,garnet,1.046,2.24,-1.606
synthetic_000199,Li4O4SiZr2,5.104,6.212,oxide,1.108,3.51,-1.621
synthetic_000200,InNb2Sn,4.781,6.006,oxide,1.225,2.08,0.025
synthetic_000201,AsLi5P2S6Se7,4.637,5.282,thiophosphate,0.645,5.65,-1.437
synthetic_000202,Cl7ErHf2,5.888,6.837,halide,0.949,3.33,0.247
synthetic_000203,Li8Na5Ta2,3.413,4.509,garnet,1.096,5.85,-1.801
synthetic_000204,Mg2Na2Zn2,3.493,4.366,borohydride,0.873,4.31,-0.447
synthetic_000205,GaGeN2Na2Si,3.974,4.842,nitride,0.868,4.54,-0.937
synthetic_000206,La2Li,3.345,4.37,perovskite,1.025,7.74,-2.506
synthetic_000207,InLiMgNa2Te,2.989,3.616,chalcogenide,0.627,6.25,-0.146
synthetic_000208,As2GeLi8Se6Sn,4.443,5.098,thiophosphate,0.655,2.69,-1.754
synthetic_000209,CaGaLi2Mg,2.854,3.374,chalcogenide,0.52,6.46,-0.853
synthetic_000210,La4Li4,4.005,5.143,perovskite,1.138,2.38,-0.704
synthetic_000211,Li5P3S11Se9Si2,2.288,3.137,thiophosphate,0.849,3.27,-0.846
synthetic_000212,BrI2P2S8Sb,3.963,4.634,argyrodite,0.671,3.9,-0.327
synthetic_000213,Ga2P3,3.344,4.267,phosphate,0.923,2.28,0.001
synthetic_000214,Ga2Sn,4.311,5.551,oxide,1.24,5.24,-1.868
synthetic_000215,AsLi4S5,3.206,3.88,argyrodite,0.674,7.85,-0.616
synthetic_000216,K2O11Ti3,3.498,4.338,phosphate,0.84,4.01,-0.565
synthetic_000217,Al2Te2,3.563,4.119,chalcogenide,0.556,5.8,-1.56
synthetic_000218,Br2O,4.299,5.255,antiperovskite,0.956,2.7,0.399
synthetic_000219,Al2Ba2F3Mg2Na2,7.077,8.374,fluoride,1.297,6.93,-2.879
synthetic_000220,AlNa4S2Te2Zn2,2.963,3.667,chalcogenide,0.704,4.83,0.001
synthetic_000221,K2O8P3,3.99,4.815,phosphate,0.825,7.19,-1.743
synthetic_000222,Gd2Na5Y4,3.599,4.673,garnet,1.074,5.37,-2.754
synthetic_000223,Na5S5Se3,3.249,3.973,argyrodite,0.724,7.01,-2.893
synthetic_000224,Li6Na6Zr3,4.924,5.967,garnet,1.043,3.17,-1.694
synthetic_000225,AsBr3Li7Na5,3.43,4.107,argyrodite,0.677,7.4,-2.288
synthetic_000226,Ga2GeInLi2,4.539,5.457,nitride,0.918,4.25,-1.222
synthetic_000227,Li4NbSi2Sn2Zr2,4.495,5.695,oxide,1.2,5.74,-1.359
synthetic_000228,AlCaLi4Na2Zn2,4.47,5.38,borohydride,0.91,3.35,-2.919
synthetic_000229,Li2NaO10Ti3Zr2,3.444,4.392,phosphate,0.948,6.01,-1.009
synthetic_000230,GaLi4Nb2Ti,5.22,6.486,oxide,1.266,7.76,0.112
synthetic_000231,Ba2Li2NbO7,4.967,6.135,perovskite,1.168,3.73,-0.743
synthetic_000232,Na4O12P2Zr,2.555,3.502,phosphate,0.947,5.71,-2.407
synthetic_000233,Gd3Zr2,5.274,6.615,garnet,1.341,6.66,-0.612
synthetic_000234,Br3I2Na6P2S8,3.53,4.187,argyrodite,0.657,4.77,-1.413
synthetic_000235,Ga2S4,1.883,2.447,chalcogenide,0.564,7.56,-2.674
synthetic_000236,Al2Li2Si,2.405,3.185,nitride,0.78,5.46,-2.458
synthetic_000237,La2LiTi,5.215,6.15,perovskite,0.935,2.59,-2.965
synthetic_000238,Ca2Li3O13Sr3Zr,3.694,4.824,perovskite,1.13,7.31,-1.443
synthetic_000239,AlCaMg2Na2Zn2,3.239,4.07,borohydride,0.831,6.82,-0.921
synthetic_000240,AsNa4Sn,2.492,3.163,thiophosphate,0.671,4.41,0.302
synthetic_000241,Gd2HfNa5Ta,5.188,6.299,garnet,1.111,6.69,-2.625
synthetic_000242,Al2Ba2O2Y2,7.903,9.248,fluoride,1.345,7.71,-0.516
synthetic_000243,Hf2I5,3.63,4.562,halide,0.932,7.61,-2.501
synthetic_000244,HfLi8Ta2,5.309,6.685,garnet,1.376,6.55,-2.517
synthetic_000245,Al2CaIn2Mg2Te3,4.083,4.674,chalcogenide,0.591,2.58,-0.03
synthetic_000246,In2Li2Zn,3.264,4.037,chalcogenide,0.773,7.5,-0.541
synthetic_000247,F5O0,7.86,9.347,fluoride,1.487,7.15,-1.325
synthetic_000248,Ba2F8La2,5.123,6.611,fluoride,1.488,5.17,-1.877
synthetic_000249,BrNa4OS,4.801,5.664,antiperovskite,0.863,3.04,-2.602
synthetic_000250,GaLiNa2Se6Zn,2.475,3.15,chalcogenide,0.675,5.95,-0.629
synthetic_000251,Li5Na2,4.611,5.58,oxide,0.969,4.68,-2.222
synthetic_000252,Br3Li6P2Sb2Se4,2.927,3.66,argyrodite,0.733,7.09,-0.429
synthetic_000253,Cl8ErHf2Na2Zr2,5.868,6.954,halide,1.086,5.95,-0.61
synthetic_000254,In2Zn2,2.697,3.412,chalcogenide,0.715,3.01,-1.282
synthetic_000255,Li2S,4.938,5.807,antiperovskite,0.869,6.83,-0.111
synthetic_000256,O14Sr2Ta,5.217,6.329,perovskite,1.112,3.48,-2.196
synthetic_000257,Br3Cl3HfLi4Sc2,5.515,6.442,halide,0.927,5.45,-2.417
synthetic_000258,S8SbSe6,3.815,4.597,argyrodite,0.782,2.12,-1.108
synthetic_000259,AsS7,3.163,3.796,argyrodite,0.633,7.99,-0.643
synthetic_000260,GaGe,4.546,5.394,nitride,0.848,5.52,-0.911
synthetic_000261,Br2Li6N2,4.873,5.635,antiperovskite,0.762,2.79,-1.073
synthetic_000262,LiTe,2.692,3.429,chalcogenide,0.737,2.24,-1.446
synthetic_000263,AlIn,3.829,4.484,chalcogenide,0.655,4.55,-2.245
synthetic_000264,CaLaNa3O3Y,7.91,9.268,fluoride,1.358,2.65,0.468
synthetic_000265,AsLi6Na5,3.989,4.601,thiophosphate,0.612,3.23,-1.23
synthetic_000266,AlLi3Mg2Na3Te4,2.591,3.39,chalcogenide,0.799,6.34,-0.328
synthetic_000267,KO12,3.371,4.174,phosphate,0.803,4.2,-1.808
synthetic_000268,Li2Na4,3.584,4.459,nitride,0.875,3.93,-2.056
synthetic_000269,Br2N2Na3,3.921,4.743,antiperovskite,0.822,4.32,-1.217
synthetic_000270,Al2Ga2Li6NaP2,3.969,4.838,phosphate,0.869,5.98,0.006
synthetic_000271,LaLi2MgO,7.879,9.295,fluoride,1.416,6.89,-0.645
synthetic_000272,Ga2In,2.869,3.711,nitride,0.842,2.44,0.347
synthetic_000273,Cl4Hf2I2In2Zr,6.214,7.189,halide,0.975,7.04,-0.96
synthetic_000274,Cl8Er2InLiSc,3.608,4.635,halide,1.027,3.8,-0.058
synthetic_000275,Cl7F2LiY,4.132,5.17,halide,1.038,7.62,-0.508
synthetic_000276,Li5LuNa6Ta2Zr,5.574,6.932,garnet,1.358,3.91,-0.416
synthetic_000277,As2P2S15Se11Sn2,4.099,4.706,thiophosphate,0.607,5.97,-0.591
synthetic_000278,Na6O10Y4,4.945,6.096,garnet,1.151,5.86,-2.315
synthetic_000279,HfLu2Zr3,4.011,5.287,garnet,1.276,4.83,-0.076
synthetic_000280,Ba2La2,3.543,4.652,perovskite,1.109,7.07,-2.784
synthetic_000281,Ba2Sr2Zr2,5.457,6.466,perovskite,1.009,2.66,-0.809
synthetic_000282,ClINa3Se3,3.287,3.995,argyrodite,0.708,7.04,-1.018
synthetic_000283,BCaH6Na3,3.448,4.477,borohydride,1.029,5.44,-1.825
synthetic_000284,Ge2In2Li,2.759,3.602,nitride,0.843,2.79,0.002
synthetic_000285,As2Li8Se4,2.644,3.487,thiophosphate,0.843,6.42,-0.64
synthetic_000286,GaO,4.251,5.051,nitride,0.8,2.27,-1.958
synthetic_000287,GaTe,3.431,4.046,chalcogenide,0.615,3.71,-0.266
synthetic_000288,S8Sn,2.77,3.587,thiophosphate,0.817,3.71,-2.898
synthetic_000289,Ca2Mg2Zn,3.4,4.375,borohydride,0.975,7.54,-2.052
synthetic_000290,BaLa2NaNbTa,5.28,6.361,perovskite,1.081,7.08,-2.388
synthetic_000291,Br2Cl2Li6,3.499,4.333,antiperovskite,0.834,3.49,-0.091
synthetic_000292,AlBaMgO2,7.495,8.932,fluoride,1.437,4.27,-2.793
synthetic_000293,F4Na2,5.622,6.99,fluoride,1.368,5.94,-0.254
synthetic_000294,Li5Se3,2.705,3.488,argyrodite,0.783,6.77,-0.257
synthetic_000295,Al2CaLi3,5.808,6.895,borohydride,1.087,3.36,-0.281
synthetic_000296,Br2ClNS2,2.868,3.761,antiperovskite,0.893,6.09,-0.127
synthetic_000297,AsBr2P2,3.946,4.698,argyrodite,0.752,7.14,-0.494
synthetic_000298,NNa4O0,4.392,5.174,nitride,0.782,6.18,-0.423
synthetic_000299,Hf2La4Na6,3.112,4.43,garnet,1.318,4.97,0.34
synthetic_000300,Br2O,3.363,4.208,antiperovskite,0.845,7.02,-1.249
synthetic_000301,As2P,3.96,4.629,argyrodite,0.669,7.98,0.135
synthetic_000302,BrClN,2.845,3.788,antiperovskite,0.943,5.85,-1.498
synthetic_000303,N2O2,4.669,5.574,antiperovskite,0.905,5.32,-0.244
synthetic_000304,Ge2Li9P,2.635,3.499,thiophosphate,0.864,6.41,-2.489
synthetic_000305,Ga2NaO11P3Zr2,1.95,2.799,phosphate,0.849,7.86,-0.4
synthetic_000306,AsNa4P2Se4,3.301,3.993,argyrodite,0.692,5.15,0.079
synthetic_000307,Cl3Na5P2S5Se5,2.82,3.573,argyrodite,0.753,3.8,-1.63
synthetic_000308,CaLa4NaNb3Ta2,5.258,6.434,perovskite,1.176,7.51,-0.721
synthetic_000309,Ca2Li2MgSe5,2.985,3.739,chalcogenide,0.754,3.44,-2.46
synthetic_000310,Li5Na4P2Se9,3.379,4.171,thiophosphate,0.792,5.09,-1.82
synthetic_000311,I5NaZr2,3.685,4.641,halide,0.956,6.74,-2.639
synthetic_000312,Cl2Li5N2Na3O2,4.649,5.463,antiperovskite,0.814,6.44,-1.29
synthetic_000313,AlF2Li3Mg2Na3,7.906,9.376,fluoride,1.47,4.99,-1.954
synthetic_000314,ErScZr2,3.809,4.857,halide,1.048,7.42,-1.283
synthetic_000315,La2Nb,3.571,4.679,perovskite,1.108,5.87,-2.556
synthetic_000316,InSn,5.921,7.218,oxide,1.297,3.53,0.101
synthetic_000317,As2INa6S4Sb,4.389,5.01,argyrodite,0.621,3.3,-0.353
synthetic_000318,Br2I2S6Se3,3.335,3.954,argyrodite,0.619,5.18,-0.748
synthetic_000319,GeNa6Si2,3.947,4.801,thiophosphate,0.854,6.88,-2.83
synthetic_000320,CaMg2NaY2,7.718,8.988,fluoride,1.27,7.43,-0.208
synthetic_000321,Li6SiSn,4.657,5.439,thiophosphate,0.782,4.24,-0.895
synthetic_000322,Al2MgTe2Zn,2.648,3.213,chalcogenide,0.565,3.14,-1.666
synthetic_000323,Br6Cl5ErF4Zr,3.876,4.743,halide,0.867,3.4,-3.0
synthetic_000324,Ba2Li,6.522,7.96,fluoride,1.438,6.56,-1.275
synthetic_000325,GdHfLi7TaZr,3.044,4.381,garnet,1.337,3.01,-2.158
synthetic_000326,InNaNbZr2,6.662,7.802,oxide,1.14,7.08,-1.716
synthetic_000327,GeLi7Na5,4.1,4.709,thiophosphate,0.609,7.19,-2.142
synthetic_000328,Ge2N3,4.836,5.664,nitride,0.828,5.32,-1.407
synthetic_000329,NaNbSr2Ta2,5.025,5.961,perovskite,0.936,3.19,-1.344
synthetic_000330,F3InNaScY2,5.73,6.701,halide,0.971,5.37,0.24
synthetic_000331,GeNa3,4.75,5.663,nitride,0.913,4.43,-2.712
synthetic_000332,AlB2H13Zn2,5.073,6.152,borohydride,1.079,2.4,-1.545
synthetic_000333,Ba2F4Li2O0Y2,7.944,9.252,fluoride,1.308,2.46,-2.505
synthetic_000334,TiZr2,3.557,4.365,phosphate,0.808,5.84,-0.982
synthetic_000335,KTi,3.127,4.096,phosphate,0.969,2.46,-2.875
synthetic_000336,As2Li8Na8P2,3.739,4.638,thiophosphate,0.899,7.86,-1.69
synthetic_000337,Li4NOS2,4.746,5.599,antiperovskite,0.853,3.67,-1.473
synthetic_000338,Li2Mg,4.199,5.247,borohydride,1.048,4.56,-1.158
synthetic_000339,Ge2In2Li4,3.954,4.942,nitride,0.988,7.32,-0.32
synthetic_000340,BrCl2Li3N2S2,2.9,3.876,antiperovskite,0.976,4.02,-1.214
synthetic_000341,Gd2O12,3.264,4.588,garnet,1.324,3.7,-2.789
synthetic_000342,Al2Ge2N5O,2.943,3.697,nitride,0.754,5.63,0.419
synthetic_000343,La4O11Ta,3.646,4.651,perovskite,1.005,7.33,-1.362
synthetic_000344,Ba2CaLi3,3.802,4.969,perovskite,1.167,5.31,0.111
synthetic_000345,K2LiTi3Zr,1.824,2.816,phosphate,0.992,7.52,-1.21
synthetic_000346,Ba2F5La2Mg2Y,5.109,6.45,fluoride,1.341,3.21,-0.54
synthetic_000347,Al2O16,3.905,4.731,phosphate,0.826,4.77,-0.301
synthetic_000348,Li2SrTa,3.601,4.608,perovskite,1.007,7.17,-0.166
synthetic_000349,Br2Li3Na3O,3.829,4.687,antiperovskite,0.858,4.05,-0.163
synthetic_000350,I2PSb2Se6,2.969,3.682,argyrodite,0.713,5.92,-2.925
synthetic_000351,Cl2Na3SbSe6,2.949,3.719,argyrodite,0.77,2.49,-0.946
synthetic_000352,K2O11P3Zr2,3.493,4.314,phosphate,0.821,4.46,-1.821
synthetic_000353,B4Mg2,4.038,4.941,borohydride,0.903,2.43,-2.551
synthetic_000354,AlLi4MgNa,5.846,6.683,borohydride,0.837,3.31,-1.278
synthetic_000355,NaSr3,3.153,4.126,perovskite,0.973,3.42,0.217
synthetic_000356,GaS7,2.994,3.78,chalcogenide,0.786,6.42,-2.733
synthetic_000357,Li2Zr2,4.774,5.743,perovskite,0.969,3.26,-0.979
synthetic_000358,Cl7F2Hf2InZr,5.111,5.997,halide,0.886,2.72,-2.661
synthetic_000359,Al2B2H6Li3Na,5.553,6.452,borohydride,0.899,2.53,-2.453
synthetic_000360,BrClLi5Na2S,2.559,3.419,antiperovskite,0.86,7.59,-2.141
synthetic_000361,Gd3La4O11Ta2Y2,5.411,6.712,garnet,1.301,2.28,-0.425
synthetic_000362,AlBaCaLa2Li3,6.071,7.553,fluoride,1.482,2.21,-1.155
synthetic_000363,AlH14LiMg,3.932,4.905,borohydride,0.973,7.85,-1.44
synthetic_000364,O16P2Zr,2.344,3.265,phosphate,0.921,7.63,-0.817
synthetic_000365,GaLi3Mg2Te2,4.124,4.808,chalcogenide,0.684,2.74,-2.357
synthetic_000366,AlSn2,6.923,8.091,oxide,1.168,3.58,-1.463
synthetic_000367,CaY,7.47,8.844,fluoride,1.374,6.22,-1.876
synthetic_000368,Li7Zr,3.809,5.011,garnet,1.202,2.77,0.222
synthetic_000369,Br2Li3NNa2O,4.249,5.186,antiperovskite,0.937,3.38,-2.86
synthetic_000370,Y4Zr3,5.814,6.971,garnet,1.157,4.84,-1.824
synthetic_000371,AlGaInLi3Mg,2.581,3.332,chalcogenide,0.751,4.46,0.269
synthetic_000372,CaNbSr,4.401,5.366,perovskite,0.965,3.04,-2.696
synthetic_000373,Al2H7Li2NaZn,5.307,6.302,borohydride,0.995,2.62,-2.262
synthetic_000374,Al2Ca2H4Na3Zn2,3.673,4.697,borohydride,1.024,3.17,-0.361
synthetic_000375,Al2CaLi4,6.799,8.244,fluoride,1.445,4.22,-0.235
synthetic_000376,Al2CaInLi2Se3,2.732,3.378,chalcogenide,0.646,3.56,-0.034
synthetic_000377,AsPS12Se10Sn2,2.652,3.355,thiophosphate,0.703,2.31,-1.552
synthetic_000378,Ga2InNaNbTi2,6.496,7.437,oxide,0.941,2.96,0.287
synthetic_000379,F2Hf2I6ScZr,3.701,4.527,halide,0.826,3.77,-1.408
synthetic_000380,Na5P,2.971,3.605,thiophosphate,0.634,5.48,-2.01
synthetic_000381,Li3NNa3O2,4.658,5.426,antiperovskite,0.768,7.45,-0.774
synthetic_000382,As2Br3SbSe4,2.607,3.257,argyrodite,0.65,2.35,-1.732
synthetic_000383,BLiNaZn2,4.557,5.43,borohydride,0.873,5.73,-1.556
synthetic_000384,Br3Sb,3.302,3.93,argyrodite,0.628,4.44,-1.848
synthetic_000385,Cl7F5Hf2I3In2,3.896,4.932,halide,1.036,5.31,-2.419
synthetic_000386,Br7Er2F4NaSc,5.055,6.139,halide,1.084,7.6,0.129
synthetic_000387,Li5Zr,1.749,2.549,phosphate,0.8,5.71,-1.377
synthetic_000388,Al2CaMg,3.369,4.36,borohydride,0.991,7.86,-0.853
synthetic_000389,AlGa2GeNaO2,2.285,3.266,nitride,0.981,6.45,-2.856
synthetic_000390,As2BrNa3Sb,4.275,4.932,argyrodite,0.657,3.19,-2.002
synthetic_000391,BrClLi4Na3S,2.675,3.554,antiperovskite,0.879,5.12,-2.52
synthetic_000392,Al2H5LiMgZn,3.97,5.003,borohydride,1.033,6.08,-2.841
synthetic_000393,MgNa4Te2,3.638,4.338,chalcogenide,0.7,6.33,-1.381
synthetic_000394,AlBa2Li4Na,7.821,9.318,fluoride,1.497,3.89,-1.795
synthetic_000395,Al2B2Ca2NaZn2,3.248,4.221,borohydride,0.973,2.78,-1.573
synthetic_000396,GaKZr2,3.772,4.757,phosphate,0.985,5.18,-1.963
synthetic_000397,Al2Ba2La2MgO,5.246,6.521,fluoride,1.275,5.72,-2.654
synthetic_000398,Ga2Li4Nb2O9Sn,6.339,7.516,oxide,1.177,3.7,-2.745
synthetic_000399,Hf2La4LuTa2,3.362,4.495,garnet,1.133,3.87,-0.295
synthetic_000400,BrCl2N2Na4O2,3.41,4.254,antiperovskite,0.844,7.97,-1.686
synthetic_000401,InY,3.729,4.6,halide,0.871,2.55,-0.684
synthetic_000402,AlO,4.899,5.648,nitride,0.749,3.43,-2.185
synthetic_000403,Li3Nb3TiZr2,3.825,4.999,perovskite,1.174,5.91,-0.682
synthetic_000404,La2Li7Lu2O12Zr3,5.144,6.519,garnet,1.375,6.31,-0.895
synthetic_000405,Al3In2Li,5.162,6.108,oxide,0.946,5.22,0.151
synthetic_000406,Br6Cl6Er2Li,4.425,5.445,halide,1.02,2.59,-1.536
synthetic_000407,Br5F4I3Na,4.878,5.816,halide,0.938,3.08,-2.685
synthetic_000408,Cl5F3I5NaSc,5.223,6.131,halide,0.908,2.17,-2.556
synthetic_000409,Al2Ga2Mg2Na2Te2,3.252,3.94,chalcogenide,0.688,2.61,-2.444
synthetic_000410,Li7Lu2,3.181,4.367,garnet,1.186,3.42,-0.793
synthetic_000411,AlIn2Li3Nb,5.418,6.552,oxide,1.134,5.84,-2.913
synthetic_000412,Na6PSb2,3.272,3.903,argyrodite,0.631,3.72,-0.731
synthetic_000413,BrLi3NS2,4.907,5.842,antiperovskite,0.935,4.43,-1.929
synthetic_000414,PSe8,3.428,4.309,thiophosphate,0.881,4.67,-1.331
synthetic_000415,ClLi5N,3.02,3.785,antiperovskite,0.765,3.71,-0.861
synthetic_000416,La4O10,3.948,5.177,garnet,1.229,5.15,-2.763
synthetic_000417,Cl3Li6Se5,4.055,4.795,argyrodite,0.74,6.55,-2.786
synthetic_000418,AsSe5,4.778,5.382,thiophosphate,0.604,3.52,-0.342
synthetic_000419,HfI2NaY2Zr,4.087,5.128,halide,1.041,7.79,-2.013
synthetic_000420,Al2GaIn2Nb2Zr,6.117,7.119,oxide,1.002,7.74,0.151
synthetic_000421,Al2P3,3.131,4.077,phosphate,0.946,4.99,-0.111
synthetic_000422,Li2N4Na2O2,2.757,3.728,nitride,0.971,4.46,-1.671
synthetic_000423,CaMg2Te2,2.19,2.87,chalcogenide,0.68,2.67,-0.702
synthetic_000424,Na3Zn,1.835,2.385,chalcogenide,0.55,2.22,0.477
synthetic_000425,LiN6,2.703,3.558,nitride,0.855,3.65,-1.001
synthetic_000426,K2Na3O12P3Ti,3.413,4.376,phosphate,0.963,3.19,-2.45
synthetic_000427,Cl2Li8,2.623,3.374,argyrodite,0.751,2.54,-2.246
synthetic_000428,AlSn2,5.886,6.928,oxide,1.042,3.77,-1.604
synthetic_000429,ClS4Sb,3.847,4.501,argyrodite,0.654,4.19,-0.964
synthetic_000430,GeLi8,2.518,3.362,thiophosphate,0.844,7.62,-0.197
synthetic_000431,Ca2Nb3O9Sr2,4.155,5.344,perovskite,1.189,6.88,-2.16
synthetic_000432,AsGeLi4PS15,2.383,3.18,thiophosphate,0.797,3.74,-0.166
synthetic_000433,NNa2,3.692,4.62,antiperovskite,0.928,7.03,0.354
synthetic_000434,CaNbSr2,3.416,4.34,perovskite,0.924,6.52,-1.42
synthetic_000435,Al2Ga2InN3,3.159,3.894,nitride,0.735,7.0,-0.056
synthetic_000436,Ba2Nb2O9Ta2Zr,5.146,6.243,perovskite,1.097,2.35,0.159
synthetic_000437,H8Li2Na2Zn2,4.76,5.787,borohydride,1.027,4.89,-2.616
synthetic_000438,Al2Ti,2.406,3.287,phosphate,0.881,5.96,-1.021
synthetic_000439,Na2Sr,4.634,5.828,perovskite,1.194,3.2,0.19
synthetic_000440,CaLa4Li4O11Sr,3.264,4.164,perovskite,0.9,6.48,-2.98
synthetic_000441,Na4S6,3.352,4.109,chalcogenide,0.757,3.4,-0.962
synthetic_000442,Br4Er2F4I4In,4.364,5.268,halide,0.904,4.76,-0.583
synthetic_000443,B2Li2Zn2,5.2,6.239,borohydride,1.039,6.9,-0.803
synthetic_000444,BaF8O,7.105,8.513,fluoride,1.408,6.83,-2.811
synthetic_000445,Ca2Sr3,5.463,6.592,perovskite,1.129,4.62,-1.85
synthetic_000446,CaF8,7.506,8.809,fluoride,1.303,6.85,0.274
synthetic_000447,As2Li4Sn,3.513,4.181,thiophosphate,0.668,7.88,0.316
synthetic_000448,Nb3O8Ta2,2.813,3.869,perovskite,1.056,2.22,-2.881
synthetic_000449,Ca2Ga2Se6Zn2,2.617,3.131,chalcogenide,0.514,7.53,-2.675
synthetic_000450,BrNO,3.844,4.781,antiperovskite,0.937,4.48,-2.374
synthetic_000451,La4Li8,4.237,5.407,garnet,1.17,5.63,-2.443
synthetic_000452,As2Li4S6Se7,4.438,5.222,thiophosphate,0.784,7.08,-1.281
synthetic_000453,LaLi2Mg2Na2,5.714,6.834,fluoride,1.12,2.17,-0.763
synthetic_000454,KP3Zr2,1.832,2.807,phosphate,0.975,4.22,-1.857
synthetic_000455,F4LiSc,5.871,6.672,halide,0.801,3.13,-0.604
synthetic_000456,Ca2MgTe2,2.096,2.873,chalcogenide,0.777,2.1,-1.867
synthetic_000457,As2ClIPSe3,3.862,4.543,argyrodite,0.681,6.03,-2.65
synthetic_000458,Li11Na5,2.328,3.211,thiophosphate,0.883,2.04,0.416
synthetic_000459,Se5Sn,2.976,3.853,thiophosphate,0.877,2.41,-0.746
synthetic_000460,Se6Si2Sn2,2.875,3.649,thiophosphate,0.774,5.88,-2.668
synthetic_000461,La3Li5Na4Y2Zr3,3.575,4.749,garnet,1.174,2.86,-0.488
synthetic_000462,Li4Si,3.804,4.614,nitride,0.81,7.53,-0.319
synthetic_000463,Br3Hf2,5.592,6.665,halide,1.073,3.52,-0.986
synthetic_000464,ClLi3N2Na4,4.897,5.773,antiperovskite,0.876,6.53,-2.977
synthetic_000465,Ca2H11MgNaZn2,4.49,5.324,borohydride,0.834,3.25,-2.879
synthetic_000466,GaGe,3.272,4.239,nitride,0.967,6.33,-2.412
synthetic_000467,MgNa3,3.288,4.246,borohydride,0.958,3.82,-1.396
synthetic_000468,BCa,3.41,4.304,borohydride,0.894,5.57,-2.621
synthetic_000469,AsNa8P2Si2,3.466,4.271,thiophosphate,0.805,2.07,-1.669
synthetic_000470,AlLi2Na4Zr2,2.228,3.213,phosphate,0.985,4.39,-1.86
synthetic_000471,I4Na3Sc,5.598,6.544,halide,0.946,4.88,-1.312
synthetic_000472,GaO0,2.242,3.169,nitride,0.927,6.66,-0.517
synthetic_000473,AlCaH10Mg2Zn2,3.881,4.704,borohydride,0.823,4.84,-0.664
synthetic_000474,Al2Ga2InNaS4,3.378,3.964,chalcogenide,0.586,3.99,0.167
synthetic_000475,Al2CaIn,2.004,2.702,chalcogenide,0.698,2.4,-1.494
synthetic_000476,B2Mg,5.355,6.399,borohydride,1.044,7.33,-0.182
synthetic_000477,NaP,2.494,3.481,phosphate,0.987,7.82,-2.685
synthetic_000478,Ca2Te2,3.623,4.138,chalcogenide,0.515,3.96,-2.922
synthetic_000479,AsPS14Se8,2.534,3.354,thiophosphate,0.82,5.72,-1.084
synthetic_000480,CaLa2O8,3.797,4.951,perovskite,1.154,5.67,0.11
synthetic_000481,Li3Mg2,6.898,8.003,fluoride,1.105,7.59,-2.774
synthetic_000482,O13P4,2.634,3.57,phosphate,0.936,6.58,-0.32
synthetic_000483,Ca2O3Y2,5.705,6.987,fluoride,1.282,6.72,-0.174
synthetic_000484,AlBaLa2Mg2,6.6,7.727,fluoride,1.127,7.48,-2.84
synthetic_000485,Br6F5NaScY,5.946,6.887,halide,0.941,5.26,0.076
synthetic_000486,Lu3Ta,5.274,6.301,garnet,1.027,5.13,-2.284
synthetic_000487,BH8LiMg2,5.064,5.95,borohydride,0.886,3.93,-2.856
synthetic_000488,Li11Na3P2Se4Si,3.918,4.647,thiophosphate,0.729,6.43,-2.934
synthetic_000489,Li8P2,4.312,4.959,argyrodite,0.647,3.48,-1.03
synthetic_000490,Li9P3S13Se4Sn,2.404,3.261,thiophosphate,0.857,7.89,-0.519
synthetic_000491,GaLi5P4,1.939,2.81,phosphate,0.871,3.99,-0.672
synthetic_000492,Al2Li4Na3P4,2.278,3.266,phosphate,0.988,2.1,-0.37
synthetic_000493,LiN6Na,3.243,4.162,nitride,0.919,7.2,-2.751
synthetic_000494,La2MgNa,5.387,6.799,fluoride,1.412,2.8,-2.783
synthetic_000495,Na2Nb2Ti2,3.169,4.179,perovskite,1.01,5.21,-2.791
synthetic_000496,HfLi6Zr,5.29,6.39,garnet,1.1,7.31,-0.02
synthetic_000497,BaCaLa4NaTa,5.179,6.173,perovskite,0.994,7.04,-2.419
synthetic_000498,Ba2CaLi3NaZr,4.64,5.647,perovskite,1.007,6.7,-2.845
synthetic_000499,CaH14Li3Zn2,4.41,5.304,borohydride,0.894,7.02,-1.336
synthetic_000500,O11Ti3Zr2,1.846,2.836,phosphate,0.99,2.32,-1.853
synthetic_000501,CaSr3Ti2Zr,3.085,4.034,perovskite,0.949,5.76,-1.617
synthetic_000502,SrTi2,2.817,3.911,perovskite,1.094,4.79,-0.152
synthetic_000503,Al2Ge2O3,3.969,4.908,nitride,0.939,3.18,-1.44
synthetic_000504,As2Cl3PSe3,3.759,4.383,argyrodite,0.624,2.28,-1.524
synthetic_000505,F3HfI5Li4,4.212,5.177,halide,0.965,4.47,-2.679
synthetic_000506,Ge2InLi2N2Na,2.584,3.472,nitride,0.888,7.34,-2.433
synthetic_000507,As2Ge2S6Si,3.545,4.312,thiophosphate,0.767,2.0,-0.345
synthetic_000508,Cl2S4,3.958,4.725,argyrodite,0.767,2.9,-0.897
synthetic_000509,N5O0,2.625,3.405,nitride,0.78,4.1,-1.902
synthetic_000510,Al2Na3Si2,2.123,3.017,nitride,0.894,4.19,-2.124
synthetic_000511,InO2,4.585,5.367,nitride,0.782,3.14,0.44
synthetic_000512,Al2GaO12Si2Zr2,6.787,8.032,oxide,1.245,6.46,-2.938
synthetic_000513,AlCaF8Li2Na,5.064,6.322,fluoride,1.258,7.03,-0.213
synthetic_000514,As2Ge2S8,4.172,4.786,thiophosphate,0.614,3.54,-0.957
synthetic_000515,O11Ti2,3.167,4.355,perovskite,1.188,7.55,-2.016
synthetic_000516,Hf2Li6Lu,5.023,6.206,garnet,1.183,6.46,-0.94
synthetic_000517,PSbSe3,3.649,4.293,argyrodite,0.644,3.53,-0.986
synthetic_000518,Na3S2Se2,2.646,3.232,chalcogenide,0.586,6.95,-1.455
synthetic_000519,GaLi5Na3S2Te2,2.906,3.594,chalcogenide,0.688,5.93,-2.671
synthetic_000520,ClLi2NO2S2,4.779,5.637,antiperovskite,0.858,6.52,-2.155
synthetic_000521,GaIn2Li4,4.139,4.711,chalcogenide,0.572,5.44,-1.803
synthetic_000522,Gd3Li6TaY3,3.773,5.137,garnet,1.364,3.12,0.231
synthetic_000523,Al2Ga2Li,3.415,4.331,phosphate,0.916,4.77,-1.229
synthetic_000524,NaTi3,3.827,4.74,phosphate,0.913,4.67,-1.184
synthetic_000525,AlB2,5.291,6.103,borohydride,0.812,3.61,-1.309
synthetic_000526,ClNa3,3.065,4.02,antiperovskite,0.955,4.0,-1.989
synthetic_000527,B2Ca2H14Li2Zn,5.696,6.588,borohydride,0.892,7.35,-1.316
synthetic_000528,AsLi9Na6S12,3.202,3.829,thiophosphate,0.627,3.3,0.48
synthetic_000529,Cl2Li2Na4OS2,3.4,4.102,antiperovskite,0.702,4.39,-0.88
synthetic_000530,CaTa2,3.827,4.819,perovskite,0.992,5.75,-0.295
synthetic_000531,HfLa3Lu3Na5Ta2,5.029,6.065,garnet,1.036,4.56,-2.472
synthetic_000532,Gd3Li5Na4O11,3.31,4.542,garnet,1.232,4.8,-2.671
synthetic_000533,LuNa6O12Ta2,4.022,5.364,garnet,1.342,6.26,-0.681
synthetic_000534,AsP3S16Se4,3.298,4.062,thiophosphate,0.764,2.09,0.349
synthetic_000535,Ba2Mg2,7.119,8.544,fluoride,1.425,6.48,-2.627
synthetic_000536,Ga2In2LiZr2,6.17,7.242,oxide,1.072,4.27,-1.673
synthetic_000537,AsBr2Na5P2S5,3.825,4.562,argyrodite,0.737,5.37,0.33
synthetic_000538,AlInTe3Zn,3.665,4.41,chalcogenide,0.745,4.79,-2.672
synthetic_000539,Br4Er2I4Zr,5.256,6.157,halide,0.901,6.88,-2.193
synthetic_000540,LiNa3SiSnTi,4.708,5.852,oxide,1.144,3.75,-2.047
synthetic_000541,NaTi2,3.798,4.745,phosphate,0.947,3.22,-2.408
synthetic_000542,ErF3I5,6.35,7.211,halide,0.861,3.15,-1.811
synthetic_000543,B4Li2,3.871,4.899,borohydride,1.028,3.62,0.38
synthetic_000544,BaNb,3.307,4.38,perovskite,1.073,5.12,-1.885
synthetic_000545,Cl2O2,2.951,3.843,antiperovskite,0.892,4.62,0.174
synthetic_000546,O13Ti2,4.267,5.201,perovskite,0.934,2.44,-0.455
synthetic_000547,Al3GeIn2Li3Ti2,6.743,7.654,oxide,0.911,6.02,-0.769
synthetic_000548,Hf2Li5Ta,5.34,6.393,garnet,1.053,3.09,-1.013
synthetic_000549,Ga2O10P2,3.595,4.419,phosphate,0.824,6.87,-1.926
synthetic_000550,Ba2CaTi,3.239,4.153,perovskite,0.914,2.72,-0.39
synthetic_000551,Ge2In2Na2O0,2.235,2.97,nitride,0.735,4.12,-1.632
synthetic_000552,AlCaMgNa3,5.755,6.686,borohydride,0.931,4.13,-2.693
synthetic_000553,La3Lu,4.519,5.771,garnet,1.252,5.05,-0.017
synthetic_000554,Al2InLi6N6Na2,2.172,3.152,nitride,0.98,4.42,-0.808
synthetic_000555,AlO13,2.444,3.273,phosphate,0.829,3.12,0.063
synthetic_000556,Gd2La3Lu3,3.535,4.812,garnet,1.277,6.3,-0.201
synthetic_000557,GeIn2,4.211,5.002,nitride,0.791,5.62,-0.438
synthetic_000558,Ge2InN5,2.743,3.636,nitride,0.893,5.61,-1.217
synthetic_000559,Br5Li3Na,3.576,4.588,halide,1.012,2.81,-2.858
synthetic_000560,AlBMg2Na3,4.659,5.668,borohydride,1.009,6.0,-1.563
synthetic_000561,AsBr2Na3,4.337,5.133,argyrodite,0.796,5.24,-0.702
synthetic_000562,Br6Li4,5.187,6.233,halide,1.046,2.58,-1.55
synthetic_000563,Br6Hf2I6Na3Sc2,4.431,5.397,halide,0.966,2.98,-2.232
synthetic_000564,Li3NaSn,4.375,5.563,oxide,1.188,7.22,0.413
synthetic_000565,In2Nb2,4.771,5.987,oxide,1.216,4.73,-1.09
synthetic_000566,AlGa2Si,2.522,3.486,nitride,0.964,5.58,-1.721
synthetic_000567,Br2Li3Na3,4.009,4.847,antiperovskite,0.838,6.62,-2.656
synthetic_000568,ErLi3Na,4.907,5.907,halide,1.0,3.84,-0.695
synthetic_000569,Ga2NbSn2TiZr,6.898,7.902,oxide,1.004,7.56,0.043
synthetic_000570,GaKP2Zr2,1.968,2.87,phosphate,0.902,6.46,-1.297
synthetic_000571,GeNa4Se7,2.614,3.302,thiophosphate,0.688,6.76,-0.65
synthetic_000572,BaLiMg2Y,6.064,7.417,fluoride,1.353,2.84,-2.465
synthetic_000573,AlBLi4Na2Zn,5.483,6.481,borohydride,0.998,3.69,0.4
synthetic_000574,Cl7ScZr,5.823,6.755,halide,0.932,7.04,-1.509
synthetic_000575,ClLi2NOS,3.958,4.738,antiperovskite,0.78,3.37,-2.31
synthetic_000576,AsLi10Si2Sn2,3.474,4.307,thiophosphate,0.833,2.41,0.079
synthetic_000577,O6SrTa,2.969,4.062,perovskite,1.093,7.0,-0.93
synthetic_000578,NaO15Ti2,3.612,4.415,phosphate,0.803,7.05,-2.499
synthetic_000579,HfZr,5.118,6.215,garnet,1.097,5.04,-2.418
synthetic_000580,Er2Hf2I5Na3Zr2,4.006,4.865,halide,0.859,7.58,-1.678
synthetic_000581,BrCl2Li3NS,4.282,5.269,antiperovskite,0.987,4.19,-2.854
synthetic_000582,GeOSi2,2.156,2.986,nitride,0.83,2.76,-0.245
synthetic_000583,AsGe2Se12Si2,3.092,3.954,thiophosphate,0.862,2.23,-1.963
synthetic_000584,ClNa3S2,3.635,4.45,antiperovskite,0.815,4.39,-0.703
synthetic_000585,As2Se6,4.416,5.091,thiophosphate,0.675,5.93,-0.497
synthetic_000586,Li8P2,2.735,3.417,argyrodite,0.682,2.38,-0.718
synthetic_000587,Br5Na2,5.473,6.477,halide,1.004,2.96,-0.937
synthetic_000588,InO,2.608,3.37,nitride,0.762,2.71,-1.783
synthetic_000589,Al2Si2,2.614,3.607,nitride,0.993,6.4,-0.621
synthetic_000590,AsCl3,3.857,4.639,argyrodite,0.782,7.1,-0.022
synthetic_000591,AlCaLiNa3Zn2,5.634,6.62,borohydride,0.986,3.49,-0.566
synthetic_000592,ErLi3ScY2,5.026,6.07,halide,1.044,7.64,-1.898
synthetic_000593,Na7S14Sn,4.363,5.111,thiophosphate,0.748,3.64,-2.875
synthetic_000594,LiZr,3.841,5.035,perovskite,1.194,4.04,-0.33
synthetic_000595,HfZr2,5.999,7.058,garnet,1.059,7.23,0.496
synthetic_000596,I5Na3Sc2,5.975,7.046,halide,1.071,4.47,-0.603
synthetic_000597,Er2Li4Y,4.057,4.944,halide,0.887,4.56,0.325
synthetic_000598,Cl3P,3.119,3.905,argyrodite,0.786,3.81,-2.213
synthetic_000599,Ca2Na2O,7.171,8.451,fluoride,1.28,7.47,-0.877
synthetic_000600,LiTi2,1.727,2.527,phosphate,0.8,6.32,0.099
synthetic_000601,Cl2N2S,2.984,3.852,antiperovskite,0.868,5.9,-0.941
synthetic_000602,AlCaLiMg,2.346,2.984,chalcogenide,0.638,6.45,-2.459
synthetic_000603,Br6Cl4F5InY2,4.137,5.03,halide,0.893,5.36,0.235
synthetic_000604,AlK2Li2Ti2Zr2,2.469,3.355,phosphate,0.886,6.21,-1.881
synthetic_000605,Al2InNO2Si,4.86,5.615,nitride,0.755,4.7,-1.8
synthetic_000606,Na2O2,4.62,5.324,antiperovskite,0.704,6.65,-2.118
synthetic_000607,AlCaInMg2Zn2,2.893,3.536,chalcogenide,0.643,7.15,-2.504
synthetic_000608,BrLi4S6Sb,3.833,4.441,argyrodite,0.608,6.39,-1.542
synthetic_000609,As2GeNa3P3Sn,2.438,3.13,thiophosphate,0.692,3.61,-0.577
synthetic_000610,Ge2Nb,6.882,7.886,oxide,1.004,2.31,0.34
synthetic_000611,Al3NaSi2,6.886,8.117,oxide,1.231,3.98,-1.293
synthetic_000612,KO15P3Ti3,2.545,3.414,phosphate,0.869,2.71,-1.229
synthetic_000613,Br6Hf2Zr,5.378,6.228,halide,0.85,3.52,-1.237
synthetic_000614,Li2Na2O,4.562,5.461,antiperovskite,0.899,2.36,-0.092
synthetic_000615,Gd3Hf2Na6Ta2,3.041,4.13,garnet,1.089,5.05,-1.27
synthetic_000616,Cl2Sb2,4.144,4.892,argyrodite,0.748,7.91,-0.878
synthetic_000617,Li8Na6S5Sb2Se5,3.731,4.406,argyrodite,0.675,3.17,-2.257
synthetic_000618,AlInLi6Na2Se2,2.654,3.304,chalcogenide,0.65,6.05,-1.774
synthetic_000619,K2Li3O13Ti3,1.779,2.691,phosphate,0.912,6.72,-0.285
synthetic_000620,Li5Na5,5.246,6.432,garnet,1.186,4.4,-2.147
synthetic_000621,GeIn2,3.081,3.998,nitride,0.917,3.81,-1.783
synthetic_000622,GdO13TaY2,5.039,6.421,garnet,1.382,2.06,0.108
synthetic_000623,Li5O16Ti3,1.63,2.528,phosphate,0.898,2.47,-2.179
synthetic_000624,Al2LiNa2,4.795,5.626,borohydride,0.831,6.94,-1.848
synthetic_000625,Al2GaGeLi2,4.867,5.656,nitride,0.789,3.37,-1.075
synthetic_000626,ClLi3NNa4,2.574,3.509,antiperovskite,0.935,3.4,0.146
synthetic_000627,Br2ClN2Na2O2,2.808,3.664,antiperovskite,0.856,2.46,-0.405
synthetic_000628,Li3Na2Si,4.04,4.794,nitride,0.754,6.79,-1.214
synthetic_000629,GaO4Si2,2.741,3.647,nitride,0.906,5.17,0.011
synthetic_000630,Li2Zr2,4.774,5.791,perovskite,1.017,2.84,-1.512
synthetic_000631,Al2H15Li4Zn2,5.546,6.397,borohydride,0.851,5.43,-2.91
synthetic_000632,S13Se4,3.352,4.217,thiophosphate,0.865,4.41,-2.39
synthetic_000633,BaLaLi3Mg2Y2,5.051,6.501,fluoride,1.45,3.18,-2.946
synthetic_000634,Al3In2NbTi,4.875,6.13,oxide,1.255,5.61,-2.83
synthetic_000635,In2Y,4.78,5.743,halide,0.963,7.18,-1.748
synthetic_000636,AlLi2Nb2Si2,5.523,6.44,oxide,0.917,5.65,0.251
synthetic_000637,GdLi6Zr2,5.089,6.246,garnet,1.157,6.87,-1.989
synthetic_000638,Ge2PSe12Si,2.406,3.05,thiophosphate,0.644,5.84,-2.092
synthetic_000639,CaF7Na3O3,7.999,9.442,fluoride,1.443,4.41,-1.884
synthetic_000640,CaH16Zn,5.398,6.343,borohydride,0.945,5.44,-0.137
synthetic_000641,InSe6Zn2,3.601,4.262,chalcogenide,0.661,3.64,-0.038
synthetic_000642,F2O3Y,5.789,6.891,fluoride,1.102,5.17,-0.725
synthetic_000643,TaTi,4.665,5.615,perovskite,0.95,7.02,-1.446
synthetic_000644,Br2Li2O2,2.7,3.541,antiperovskite,0.841,7.07,-2.3
synthetic_000645,Al2CaH16Mg2,5.061,6.159,borohydride,1.098,5.51,-1.446
synthetic_000646,Br2ClLi3Na4O2,4.012,4.718,antiperovskite,0.706,7.03,0.159
synthetic_000647,Al2GaGeNa2Si2,6.494,7.559,oxide,1.065,4.5,-0.485
synthetic_000648,Ga2Si2TiZr2,4.413,5.389,oxide,0.976,4.82,-0.872
synthetic_000649,Na2O2,7.891,9.065,fluoride,1.174,7.39,-0.641
synthetic_000650,ClNa6S7,3.485,4.137,argyrodite,0.652,7.82,-0.561
synthetic_000651,Li6O9Ti3,2.737,3.541,phosphate,0.804,2.7,-1.859
synthetic_000652,Al2GaO15,2.91,3.9,phosphate,0.99,6.83,-2.256
synthetic_000653,Ba2Ca2Li3Na3Nb2,3.788,4.753,perovskite,0.965,7.9,-1.649
synthetic_000654,Al2Zn2,5.554,6.408,borohydride,0.854,3.64,-1.062
synthetic_000655,AlH13Na,4.226,5.128,borohydride,0.902,6.91,-2.626
synthetic_000656,Cl2OS2,4.006,4.98,antiperovskite,0.974,6.11,-0.833
synthetic_000657,Al2InN5Si2,4.463,5.284,nitride,0.821,4.11,-2.98
synthetic_000658,AlGeIn2NaSi2,2.762,3.477,nitride,0.715,5.33,-1.815
synthetic_000659,AlGe2N6Na3Si,3.397,4.373,nitride,0.976,5.01,-2.935
synthetic_000660,Li7TaY3,5.023,6.14,garnet,1.117,3.84,-0.817
synthetic_000661,Al2In2N4,2.853,3.814,nitride,0.961,7.6,-1.099
synthetic_000662,In2Li5O9Si2,5.565,6.52,oxide,0.955,6.95,-1.249
synthetic_000663,CaLiNa3,5.131,6.285,perovskite,1.154,6.37,-1.343
synthetic_000664,AlB3Li3MgZn2,4.213,5.21,borohydride,0.997,4.57,-2.693
synthetic_000665,Al3Ge2Li2O8,4.066,5.205,oxide,1.139,2.94,-0.946
synthetic_000666,BrCl2Li2Na3,3.861,4.688,antiperovskite,0.827,7.82,-0.577
synthetic_000667,Gd2Na3,4.33,5.556,garnet,1.226,7.31,-1.318
synthetic_000668,AsCl2Li8,4.055,4.795,argyrodite,0.74,3.12,0.317
synthetic_000669,AlGaLi3Zr,3.706,4.625,phosphate,0.919,3.0,-0.034
synthetic_000670,AsNa7S6Sn2,3.63,4.244,thiophosphate,0.614,5.31,-1.724
synthetic_000671,BrS6,4.372,5.156,argyrodite,0.784,4.56,-0.763
synthetic_000672,Al2Ga2In2MgS4,2.19,2.946,chalcogenide,0.756,3.75,-0.347
synthetic_000673,AlLi6O15TiZr2,2.238,3.058,phosphate,0.82,2.77,-0.751
synthetic_000674,Li4NO,4.229,5.049,antiperovskite,0.82,5.16,-1.827
synthetic_000675,Al2MgZn,3.559,4.659,borohydride,1.1,4.22,-0.388
synthetic_000676,ErY,4.795,5.615,halide,0.82,3.36,-1.708
synthetic_000677,Ga2Sn2,4.347,5.498,oxide,1.151,7.45,-1.117
synthetic_000678,Ba2F2Na2Y,6.061,7.377,fluoride,1.316,6.58,-2.258
synthetic_000679,CaIn2,2.657,3.17,chalcogenide,0.513,6.64,-1.437
synthetic_000680,MgS8,3.694,4.385,chalcogenide,0.691,7.12,-1.369
synthetic_000681,Br6In2Y2,6.461,7.553,halide,1.092,3.45,-2.248
synthetic_000682,Al2Ga2Na2O3,4.311,5.26,nitride,0.949,5.81,-0.832
synthetic_000683,In2Li4Nb2Zr2,5.162,6.119,oxide,0.957,7.68,-0.087
synthetic_000684,Ga2InTe4,3.048,3.678,chalcogenide,0.63,6.65,-1.167
synthetic_000685,AlGeO7Si2,5.452,6.396,oxide,0.944,5.66,-2.194
synthetic_000686,Al2InLi3,2.002,2.517,chalcogenide,0.515,2.37,-0.954
synthetic_000687,La4LiNa3Ta2Ti,5.099,6.246,perovskite,1.147,6.3,0.018
synthetic_000688,LiO5Si2,6.927,8.061,oxide,1.134,4.76,-0.385
synthetic_000689,Li5Na6S6,3.042,3.773,thiophosphate,0.731,5.9,-1.255
synthetic_000690,CaO9Ti2Zr2,5.27,6.348,perovskite,1.078,3.04,-0.204
synthetic_000691,Ga2GeLi5Si,6.8,7.852,oxide,1.052,2.91,0.027
synthetic_000692,Ca2F4MgO3Y2,6.507,7.716,fluoride,1.209,6.43,-0.231
synthetic_000693,InLi4NbTiZr,5.552,6.707,oxide,1.155,4.83,-0.141
synthetic_000694,CaLaO,5.603,6.851,fluoride,1.248,7.06,-2.747
synthetic_000695,Br7Cl3,4.822,5.738,halide,0.916,5.58,-1.96
synthetic_000696,In2SiTi,4.682,5.854,oxide,1.172,2.27,-1.541
synthetic_000697,Al2GaKLi6Na4,4.0,4.993,phosphate,0.993,6.84,-2.447
synthetic_000698,AlGa2Li6Si,4.758,5.485,nitride,0.727,4.9,-1.83
synthetic_000699,N2Na2S,2.837,3.697,antiperovskite,0.86,4.81,0.094
synthetic_000700,Cl2Li6S,3.011,3.789,antiperovskite,0.778,6.46,-1.641
synthetic_000701,AlMg2S5Te2,3.525,4.299,chalcogenide,0.774,4.51,-1.923
synthetic_000702,Ga2O0,4.376,5.104,nitride,0.728,3.0,0.461
synthetic_000703,BrN2Na3S2,3.01,4.006,antiperovskite,0.996,6.51,-0.89
synthetic_000704,Gd3Na6O10,5.801,7.076,garnet,1.275,3.36,-1.354
synthetic_000705,Ca2La3Na2,4.439,5.617,perovskite,1.178,2.34,-1.511
synthetic_000706,Ga2In2Li4Na2Ti2,4.957,5.928,oxide,0.971,3.21,0.089
synthetic_000707,Na6Se5,3.262,3.871,argyrodite,0.609,5.32,-1.261
synthetic_000708,MgSe6,3.222,4.012,chalcogenide,0.79,5.24,-1.758
synthetic_000709,Ga2Na,2.708,3.704,phosphate,0.996,4.18,-0.289
synthetic_000710,F2Li3Na3,5.474,6.447,halide,0.973,5.84,-1.846
synthetic_000711,AlGa2Ge2In,4.211,5.503,oxide,1.292,6.98,-1.958
synthetic_000712,Cl2Na4,3.438,4.322,antiperovskite,0.884,4.46,-0.735
synthetic_000713,Ca2La4Na2Sr3Ti,5.067,6.235,perovskite,1.168,6.5,-0.895
synthetic_000714,Cl2Li7PS6Se6,4.499,5.271,argyrodite,0.772,3.2,-2.681
synthetic_000715,Al2Ga2,4.087,4.591,chalcogenide,0.504,5.79,-1.395
synthetic_000716,Li4Na4PSb2Se4,4.007,4.804,argyrodite,0.797,4.91,-0.374
synthetic_000717,Na2Sn2Ti,4.712,5.7,oxide,0.988,6.88,-0.84
synthetic_000718,Na5PS6,4.361,4.991,argyrodite,0.63,4.41,-2.054
synthetic_000719,In2NaS8Te,3.155,3.733,chalcogenide,0.578,7.57,-0.335
synthetic_000720,I2Li4S4Sb2,4.268,5.063,argyrodite,0.795,6.09,-1.604
synthetic_000721,GaK,2.92,3.812,phosphate,0.892,4.87,-2.357
synthetic_000722,In2Na4Nb2O12Zr2,6.086,6.993,oxide,0.907,4.25,-0.154
synthetic_000723,Hf2LuNa3Zr3,4.488,5.877,garnet,1.389,2.55,0.186
synthetic_000724,K2Li5Na4Zr,2.732,3.568,phosphate,0.836,6.17,-2.264
synthetic_000725,Br7Hf2LiZr2,4.999,5.89,halide,0.891,4.78,-2.7
synthetic_000726,AlCa2H5Mg,4.403,5.31,borohydride,0.907,7.54,-1.991
synthetic_000727,Al2F3,6.753,7.893,fluoride,1.14,4.17,0.123
synthetic_000728,Al2LiNSi2,4.304,5.07,nitride,0.766,4.46,-1.945
synthetic_000729,Al2In2MgNa3,2.918,3.563,chalcogenide,0.645,7.64,-1.783
synthetic_000730,Na4TeZn2,2.598,3.214,chalcogenide,0.616,7.49,0.082
synthetic_000731,Al2GaIn2Na4Si2,2.967,3.7,nitride,0.733,7.38,-1.38
synthetic_000732,Se8Sn,3.791,4.634,thiophosphate,0.843,4.83,-1.702
synthetic_000733,I3In2Sc2Y2,4.302,5.334,halide,1.032,3.75,-0.985
synthetic_000734,O11Sn2Ti2,6.344,7.602,oxide,1.258,3.16,-2.676
synthetic_000735,ClNa2O2S,2.766,3.566,antiperovskite,0.8,5.75,-1.036
synthetic_000736,GaK2O11P2,3.089,4.018,phosphate,0.929,3.33,-1.834
synthetic_000737,Br7Cl7I4Zr,5.477,6.379,halide,0.902,2.6,-1.804
synthetic_000738,Al2K2O11P2,3.786,4.701,phosphate,0.915,4.03,-2.539
synthetic_000739,Gd2Na5Ta2,3.359,4.561,garnet,1.202,2.12,-0.373
synthetic_000740,Li5O2,4.473,5.425,nitride,0.952,7.36,-0.76
synthetic_000741,AlGa2,2.726,3.347,chalcogenide,0.621,5.33,-0.877
synthetic_000742,La3Li5Ta2Zr2,5.102,6.401,garnet,1.299,4.74,-0.409
synthetic_000743,Ba2Ca2La2TaZr,4.998,6.084,perovskite,1.086,3.55,-0.272
synthetic_000744,Li6NNa4O2S2,3.276,4.229,antiperovskite,0.953,3.01,-0.594
synthetic_000745,CaGaLi6Zn,2.834,3.485,chalcogenide,0.651,5.52,-1.212
synthetic_000746,Li5Sb,3.342,4.119,argyrodite,0.777,5.22,-1.606
synthetic_000747,As2Si2,2.674,3.552,thiophosphate,0.878,6.18,-2.126
synthetic_000748,Ca2F6LaMgY2,7.039,8.185,fluoride,1.146,2.97,-0.109
synthetic_000749,AlNa2S5Se,2.667,3.171,chalcogenide,0.504,6.99,-0.821
synthetic_000750,GaIn2O2Si,2.479,3.464,nitride,0.985,6.8,-2.737
synthetic_000751,H16Zn,5.728,6.542,borohydride,0.814,7.6,0.02
synthetic_000752,La2O13,5.692,6.838,garnet,1.146,4.63,0.439
synthetic_000753,Ga2Te3,3.682,4.329,chalcogenide,0.647,4.4,-1.277
synthetic_000754,AsBrIPSb2,3.373,3.998,argyrodite,0.625,5.92,-2.193
synthetic_000755,La2Lu3Ta2Y2Zr2,3.129,4.261,garnet,1.132,2.87,-1.446
synthetic_000756,GeIn2Li5O11,4.92,5.853,oxide,0.933,2.43,-2.803
synthetic_000757,O10Ta2Y2,4.409,5.767,garnet,1.358,3.83,-2.578
synthetic_000758,In2Na,4.651,5.621,halide,0.97,5.62,-2.222
synthetic_000759,CaLaNb2O15Zr,4.488,5.415,perovskite,0.927,7.95,-0.747
synthetic_000760,BrLi3O,4.728,5.521,antiperovskite,0.793,4.1,-1.791
synthetic_000761,As2S6,4.607,5.471,thiophosphate,0.864,2.22,-2.023
synthetic_000762,GaIn2N5Na3Si,4.184,5.11,nitride,0.926,5.3,-1.93
synthetic_000763,AlCaH11Na2,3.903,4.794,borohydride,0.891,3.73,0.464
synthetic_000764,CaZn,4.306,5.192,borohydride,0.886,6.24,-2.978
synthetic_000765,Li4Si,4.771,5.861,oxide,1.09,6.6,-1.49
synthetic_000766,AlB4H13Zn,5.186,6.215,borohydride,1.029,2.8,-2.696
synthetic_000767,GeNa4Nb2Si,5.921,7.019,oxide,1.098,5.47,-2.995
synthetic_000768,NaS3Se3Te3Zn,2.74,3.339,chalcogenide,0.599,2.74,0.195
synthetic_000769,LiNb3TaZr2,4.996,6.189,perovskite,1.193,6.42,-0.498
synthetic_000770,F4LiNa3,6.879,8.091,fluoride,1.212,2.03,-1.044
synthetic_000771,Br2Cl2Li5,3.862,4.849,antiperovskite,0.987,7.26,0.272
synthetic_000772,Ca2LaNbTa2Ti,5.449,6.605,perovskite,1.156,6.94,-2.72
synthetic_000773,Ga2In2S4Se4Zn2,2.137,2.87,chalcogenide,0.733,7.11,-1.532
synthetic_000774,AlNa2O10Ti,3.043,3.942,phosphate,0.899,3.65,-0.144
synthetic_000775,BrLi6Na3Se5,4.124,4.757,argyrodite,0.633,2.19,-1.997
synthetic_000776,La3Na5Zr,3.171,4.322,garnet,1.151,5.39,-1.086
synthetic_000777,AlGa2K2O10P,1.988,2.98,phosphate,0.992,5.2,-1.2
synthetic_000778,Na2Sc,5.191,6.014,halide,0.823,5.01,-0.893
synthetic_000779,BaMgO0,5.455,6.816,fluoride,1.361,6.81,-2.004
synthetic_000780,AlBCa2H14Mg2,4.101,5.076,borohydride,0.975,7.24,0.231
synthetic_000781,LaMg2NaO3Y,7.491,8.792,fluoride,1.301,4.13,-1.036
synthetic_000782,S4Te2,2.262,2.829,chalcogenide,0.567,3.13,-0.13
synthetic_000783,Cl2I2Li7SbSe5,3.63,4.289,argyrodite,0.659,4.65,-2.215
synthetic_000784,AlCaNa3Zn,4.312,5.204,borohydride,0.892,3.97,-1.864
synthetic_000785,BCa2,5.902,6.862,borohydride,0.96,7.7,-1.89
synthetic_000786,Te4Zn2,4.136,4.775,chalcogenide,0.639,4.29,-2.673
synthetic_000787,Y2Zr2,4.459,5.738,garnet,1.279,6.31,0.217
synthetic_000788,Na7Se6Si,4.06,4.855,thiophosphate,0.795,3.99,-0.988
synthetic_000789,Ge2In2Na3O3Si,2.466,3.392,nitride,0.926,7.86,-1.397
synthetic_000790,GeLi4Si,4.236,4.837,thiophosphate,0.601,2.45,-0.555
synthetic_000791,LiNb,5.145,6.086,perovskite,0.941,5.93,0.486
synthetic_000792,Gd2Ta2Zr3,3.246,4.337,garnet,1.091,4.25,-0.284
synthetic_000793,F4Na2ScY2,4.263,5.08,halide,0.817,5.02,-0.832
synthetic_000794,AlCa2,1.909,2.514,chalcogenide,0.605,2.87,-0.858
synthetic_000795,Li6LuO13Y3,3.452,4.825,garnet,1.373,4.62,-2.063
synthetic_000796,OS,4.041,4.798,antiperovskite,0.757,5.03,-1.905
synthetic_000797,Li7P2Sn,2.696,3.543,thiophosphate,0.847,7.68,0.208
synthetic_000798,GaNaO3Si2,2.63,3.61,nitride,0.98,5.96,-0.475
synthetic_000799,La4Na3O14,4.681,5.881,garnet,1.2,3.38,-0.634
synthetic_000800,GdLa4Lu3Na4,5.055,6.323,garnet,1.268,2.17,-0.537
synthetic_000801,La3Na2SrTaZr,3.86,4.911,perovskite,1.051,4.71,0.151
synthetic_000802,F3Hf2I2NaSc,3.618,4.448,halide,0.83,3.62,-1.088
synthetic_000803,Hf2Li7O10,4.791,5.809,garnet,1.018,7.92,-0.205
synthetic_000804,Li5Na6TaY4,3.757,4.826,garnet,1.069,2.47,-2.857
synthetic_000805,Cl7Li4Y,4.613,5.655,halide,1.042,7.24,-1.457
synthetic_000806,NbO4Zr,4.48,5.395,oxide,0.915,4.12,0.402
synthetic_000807,Cl2Na4O2S,4.795,5.583,antiperovskite,0.788,7.92,-0.746
synthetic_000808,Nb3O10,4.4,5.306,perovskite,0.906,6.45,-2.558
synthetic_000809,GaKLi2NaO14,3.703,4.573,phosphate,0.87,5.38,-1.792
synthetic_000810,GeLi6Nb2O12,4.459,5.661,oxide,1.202,2.97,-0.854
synthetic_000811,Al2Ga2STe,2.17,2.948,chalcogenide,0.778,7.7,-1.918
synthetic_000812,As2Li11Na3S8Se4,4.625,5.384,thiophosphate,0.759,3.5,-2.103
synthetic_000813,Ba2Ca2La3TaZr,3.954,5.12,perovskite,1.166,7.75,0.235
synthetic_000814,Li3Sr2,3.883,4.785,perovskite,0.902,5.09,-1.831
synthetic_000815,Na5O11Ta,4.089,5.32,garnet,1.231,5.97,-1.459
synthetic_000816,Al2In2Li5,3.089,3.882,chalcogenide,0.793,2.67,-0.489
synthetic_000817,BCa2H4Mg,5.036,5.923,borohydride,0.887,7.22,-1.421
synthetic_000818,Al3InSi2,4.204,5.276,oxide,1.072,2.06,-1.521
synthetic_000819,NaNbZr2,5.737,6.772,oxide,1.035,4.36,0.452
synthetic_000820,HfY3Zr2,3.437,4.816,garnet,1.379,7.98,-0.826
synthetic_000821,BrS2,4.743,5.481,antiperovskite,0.738,5.28,-1.202
synthetic_000822,AlGaIn2Zn,2.765,3.561,chalcogenide,0.796,4.05,-2.205
synthetic_000823,I6In2Li,5.602,6.595,halide,0.993,2.29,-2.256
synthetic_000824,Ca2Ga2LiTe2,3.435,4.11,chalcogenide,0.675,6.01,-0.32
synthetic_000825,InLi4Si2,4.658,5.645,nitride,0.987,7.01,-2.307
synthetic_000826,AlB4Ca2H9Mg2,3.784,4.678,borohydride,0.894,3.73,-2.918
synthetic_000827,Al2Ga2InLiZn2,3.156,3.911,chalcogenide,0.755,7.14,-1.938
synthetic_000828,F5In2Li4Na3,5.854,6.69,halide,0.836,7.94,-2.168
synthetic_000829,Ga2PZr,2.363,3.293,phosphate,0.93,2.09,-1.045
synthetic_000830,AlGe2In2LiSi2,3.339,4.221,nitride,0.882,2.58,-1.483
synthetic_000831,CaLi2Na2Zn2,5.152,6.074,borohydride,0.922,3.88,-2.084
synthetic_000832,BaNa,7.628,9.03,fluoride,1.402,2.89,-0.56
synthetic_000833,AlCa2Mg2,5.068,6.077,borohydride,1.009,2.67,-1.057
synthetic_000834,BMgZn2,4.171,5.142,borohydride,0.971,2.44,-0.069
synthetic_000835,CaO6,2.872,3.938,perovskite,1.066,7.96,0.243
synthetic_000836,LiNb2Sr2TaTi,3.208,4.36,perovskite,1.152,2.03,-0.339
synthetic_000837,AlNa4,3.823,4.646,nitride,0.823,7.8,-0.353
synthetic_000838,BaSr,3.589,4.59,perovskite,1.001,3.79,-1.667
synthetic_000839,BaCaMg2,5.312,6.463,fluoride,1.151,2.21,-2.14
synthetic_000840,AsBr3S7Se6,3.488,4.149,argyrodite,0.661,6.29,-1.804
synthetic_000841,I2Na4P2S4,3.207,3.86,argyrodite,0.653,6.75,-1.126
synthetic_000842,Al3LiNa3Si2,5.112,6.055,oxide,0.943,6.57,-2.442
synthetic_000843,B3CaH15Li2Mg2,4.632,5.531,borohydride,0.899,3.49,-0.586
synthetic_000844,Ca2Li2,4.177,5.335,perovskite,1.158,5.71,0.227
synthetic_000845,I2Li4Na3P2,3.4,4.089,argyrodite,0.689,6.95,-1.608
synthetic_000846,In2Na4NbSn2Ti,4.84,6.133,oxide,1.293,6.57,-1.899
synthetic_000847,Cl4Er2I4,5.009,6.015,halide,1.006,2.73,-0.362
synthetic_000848,Ga2Li5NSi2,2.738,3.487,nitride,0.749,7.98,-1.143
synthetic_000849,Br2ClNa4,4.124,5.02,antiperovskite,0.896,6.23,-1.985
synthetic_000850,CaLi2S2,3.115,3.81,chalcogenide,0.695,5.49,-0.106
synthetic_000851,Al2Ge2In2Na2O3,4.255,5.249,nitride,0.994,5.15,-1.424
synthetic_000852,AlBCaH13Li,5.429,6.279,borohydride,0.85,2.11,-2.033
synthetic_000853,GaGe2Li6Ti2,5.515,6.74,oxide,1.225,3.32,-1.388
synthetic_000854,AlLi3O15Zr2,2.387,3.231,phosphate,0.844,7.64,-2.858
synthetic_000855,La2Lu3Ta,5.346,6.545,garnet,1.199,2.68,0.238
synthetic_000856,Li3Zn2,5.144,6.14,borohydride,0.996,2.25,-1.551
synthetic_000857,Ga2Li6NaSn2,5.855,7.073,oxide,1.218,6.81,-0.166
synthetic_000858,Ca2La2Nb2O9Ti2,3.091,4.127,perovskite,1.036,7.46,-2.541
synthetic_000859,Li4Si,4.47,5.078,thiophosphate,0.608,7.97,-0.882
synthetic_000860,As2Br3ClS5,3.371,4.091,argyrodite,0.72,5.79,-1.625
synthetic_000861,BrLi2N2OS,2.584,3.325,antiperovskite,0.741,4.39,0.129
synthetic_000862,TaY3,3.77,4.953,garnet,1.183,3.73,-2.565
synthetic_000863,Na6Ta2,4.928,6.077,garnet,1.149,7.2,-2.315
synthetic_000864,BaMgNa2,5.631,6.821,fluoride,1.19,6.6,-1.733
synthetic_000865,Cl5Sc,5.994,6.831,halide,0.837,7.45,-0.374
synthetic_000866,AlCa2F8O2Y2,7.638,8.994,fluoride,1.356,5.38,-0.197
synthetic_000867,Na3O11,2.153,3.065,phosphate,0.912,3.84,0.059
synthetic_000868,AlIn2,2.147,2.786,chalcogenide,0.639,4.19,-0.955
synthetic_000869,InN4Na4Si,2.432,3.263,nitride,0.831,5.97,-1.623
synthetic_000870,CaO8Zr,4.887,5.988,perovskite,1.101,3.11,0.017
synthetic_000871,CaZr,4.842,5.743,perovskite,0.901,5.34,-0.38
synthetic_000872,GaGe2In2Si2,2.342,3.113,nitride,0.771,2.39,-2.028
synthetic_000873,Ge2InNaOSi2,2.127,3.127,nitride,1.0,2.1,-2.461
synthetic_000874,Al2La2Li2NaY,5.426,6.706,fluoride,1.28,2.63,-2.361
synthetic_000875,AlO8Sn,6.193,7.099,oxide,0.906,7.27,0.145
synthetic_000876,Li10Na8Si,2.274,2.982,thiophosphate,0.708,4.62,-0.205
synthetic_000877,GeP2Se11Si,3.502,4.281,thiophosphate,0.779,7.85,-1.39
synthetic_000878,K2Na4O14P2Ti,3.448,4.434,phosphate,0.986,7.42,0.217
synthetic_000879,AlIn2Sn,5.499,6.643,oxide,1.144,2.68,0.474
synthetic_000880,Er2HfSc,6.325,7.164,halide,0.839,3.0,-1.144
synthetic_000881,Br7ErY2,4.105,4.971,halide,0.866,4.02,-2.849
synthetic_000882,AlB4Mg2,4.349,5.35,borohydride,1.001,2.18,-1.924
synthetic_000883,In2O2,2.649,3.567,nitride,0.918,7.08,-1.688
synthetic_000884,Cl5Hf2LiSc2,4.564,5.415,halide,0.851,3.47,-0.19
synthetic_000885,AlGa2InNa,3.192,4.177,nitride,0.985,6.72,-0.134
synthetic_000886,B3Ca2Li2Na,4.223,5.309,borohydride,1.086,5.73,-1.196
synthetic_000887,Al2MgS5TeZn2,4.079,4.648,chalcogenide,0.569,7.13,-2.788
synthetic_000888,GePS7Se8,4.693,5.579,thiophosphate,0.886,2.44,-2.119
synthetic_000889,AlLi2O4,2.316,3.046,nitride,0.73,5.82,0.207
synthetic_000890,As2Li6Na5PS4,3.137,3.911,argyrodite,0.774,6.55,-2.836
synthetic_000891,Al2Li5Mg2Se,3.855,4.457,chalcogenide,0.602,3.69,0.244
synthetic_000892,AlCaGa2Mg2Te3,2.426,3.171,chalcogenide,0.745,6.6,-2.769
synthetic_000893,Br3Er2,4.981,5.847,halide,0.866,6.82,-0.046
synthetic_000894,Al2Ga2O11TiZr2,6.145,7.202,oxide,1.057,6.06,-0.864
synthetic_000895,F3Hf,5.309,6.254,halide,0.945,5.01,-2.149
synthetic_000896,N2O2,2.731,3.639,antiperovskite,0.908,3.42,-2.607
synthetic_000897,Al2P4Zr,2.261,3.124,phosphate,0.863,4.93,-0.945
synthetic_000898,GaNa,3.994,4.589,chalcogenide,0.595,6.07,-0.467
synthetic_000899,Cl3Se5,3.344,4.091,argyrodite,0.747,6.3,-2.612
synthetic_000900,Br4LiNa2Sc2Y,5.045,5.99,halide,0.945,6.84,-1.639
synthetic_000901,Li2NbSrTaZr,3.447,4.495,perovskite,1.048,5.26,-0.31
synthetic_000902,F7Li2Na3O2,5.348,6.461,fluoride,1.113,3.99,0.109
synthetic_000903,Gd2Hf2La2Ta2Zr,3.162,4.52,garnet,1.358,7.09,-0.637
synthetic_000904,LaMg,6.545,7.786,fluoride,1.241,7.82,-0.555
synthetic_000905,N5Na3O,3.783,4.603,nitride,0.82,2.08,-1.436
synthetic_000906,Na4S2,3.086,3.835,antiperovskite,0.749,5.07,-2.048
synthetic_000907,GaNaTi2Zr,3.775,4.729,phosphate,0.954,4.36,-0.048
synthetic_000908,ErZr2,5.622,6.7,halide,1.078,5.3,-1.289
synthetic_000909,Al2Ca2MgNa3Zn2,3.422,4.251,borohydride,0.829,5.74,-0.602
synthetic_000910,Hf2La3LuY3Zr3,5.171,6.56,garnet,1.389,3.1,-1.933
synthetic_000911,In2Y,4.677,5.679,halide,1.002,5.2,-0.656
synthetic_000912,AsNa5P2,3.369,4.155,argyrodite,0.786,4.58,0.17
synthetic_000913,BrLi6O,3.243,4.14,antiperovskite,0.897,2.14,-1.679
synthetic_000914,GaLi4Na4O10,2.245,3.231,phosphate,0.986,2.47,-2.392
synthetic_000915,ClNNa2O2,2.67,3.481,antiperovskite,0.811,2.7,-1.921
synthetic_000916,Li5Lu2,4.262,5.453,garnet,1.191,4.66,-0.562
synthetic_000917,La3O11Zr2,4.898,6.185,garnet,1.287,5.39,0.324
synthetic_000918,NaY,6.855,8.349,fluoride,1.494,7.49,-0.571
synthetic_000919,La3Na2Sr2Ta2Ti2,4.298,5.235,perovskite,0.937,4.79,-2.322
synthetic_000920,NS,2.892,3.661,antiperovskite,0.769,7.32,-0.836
synthetic_000921,F4HfI3Zr2,5.178,6.173,halide,0.995,4.16,-2.911
synthetic_000922,La4Na5Y3,4.017,5.22,garnet,1.203,5.55,-2.075
synthetic_000923,Al2Ga2O8Ti2Zr,2.537,3.346,phosphate,0.809,4.93,-1.827
synthetic_000924,AsP3S9,2.754,3.414,thiophosphate,0.66,2.05,-1.406
synthetic_000925,Ga2Na,3.67,4.661,nitride,0.991,5.23,-1.864
synthetic_000926,Y3Zr,3.047,4.254,garnet,1.207,7.67,-1.574
synthetic_000927,N2Na4,4.085,4.911,antiperovskite,0.826,4.1,-1.186
synthetic_000928,AlGa2Ge2In2,3.056,4.012,nitride,0.956,4.3,-2.214
synthetic_000929,Al2MgNaZn,5.834,6.707,borohydride,0.873,6.96,-0.4
synthetic_000930,InSi2,2.571,3.521,nitride,0.95,2.11,-2.895
synthetic_000931,Cl2ILi6Na5S5,4.424,5.082,argyrodite,0.658,2.31,-1.505
synthetic_000932,ClLi6NNa2O,2.727,3.435,antiperovskite,0.708,7.01,-2.264
synthetic_000933,ErF5,6.291,7.27,halide,0.979,7.21,-2.871
synthetic_000934,Cl7F4I4Li3Zr2,5.263,6.17,halide,0.907,4.55,-2.175
synthetic_000935,Na3Ta2Y4,5.967,7.166,garnet,1.199,2.89,0.48
synthetic_000936,Br3F2Li3Sc,5.559,6.648,halide,1.089,4.92,-1.795
synthetic_000937,Mg2Na2,3.224,4.206,borohydride,0.982,3.39,-2.17
synthetic_000938,Li6Na8P3Se4Si,4.309,5.137,thiophosphate,0.828,7.3,-0.198
synthetic_000939,In2Na4Se4,1.889,2.682,chalcogenide,0.793,6.91,-2.529
synthetic_000940,LiNa3Nb,4.844,5.945,oxide,1.101,7.26,-2.471
synthetic_000941,Na3Sc2,5.208,6.217,halide,1.009,2.21,-0.635
synthetic_000942,BaCa2Nb2Sr2,3.691,4.81,perovskite,1.119,2.45,0.174
synthetic_000943,LiNa3,4.441,5.627,oxide,1.186,6.75,-1.833
synthetic_000944,Al3In2,4.132,5.327,oxide,1.195,2.4,-1.813
synthetic_000945,ClNa4Sb2,4.413,5.095,argyrodite,0.682,3.19,-0.566
synthetic_000946,KO14,2.697,3.589,phosphate,0.892,6.33,0.431
synthetic_000947,As2GeLi8S11Se9,3.838,4.578,thiophosphate,0.74,5.5,-1.692
synthetic_000948,ClLi2N2Na3S2,3.88,4.615,antiperovskite,0.735,6.29,-2.28
synthetic_000949,Li3Zn2,5.066,5.978,borohydride,0.912,4.48,-2.084
synthetic_000950,Li3Sr3,3.471,4.405,perovskite,0.934,7.01,-2.024
synthetic_000951,Na3Zn,5.099,5.991,borohydride,0.892,2.83,0.22
synthetic_000952,Na3O11,3.51,4.436,phosphate,0.926,4.85,-1.277
synthetic_000953,GeNa3Si2,3.762,4.421,thiophosphate,0.659,2.57,-0.798
synthetic_000954,Li4Sr3,3.199,4.205,perovskite,1.006,5.8,-2.247
synthetic_000955,Li7P,3.213,3.819,argyrodite,0.606,4.99,-2.583
synthetic_000956,AlMg2S8Se4,3.084,3.661,chalcogenide,0.577,4.19,-1.656
synthetic_000957,AlNa2Se,1.878,2.586,chalcogenide,0.708,6.41,-0.259
synthetic_000958,F5La2Li3MgO,5.022,6.202,fluoride,1.18,2.03,-1.488
synthetic_000959,N2Na3O2S,3.94,4.68,antiperovskite,0.74,5.27,-2.476
synthetic_000960,B4CaLi2Na,4.556,5.597,borohydride,1.041,7.42,-0.314
synthetic_000961,S7Se5,2.002,2.595,chalcogenide,0.593,5.74,-0.09
synthetic_000962,Al2InS2Se6Te4,2.494,3.257,chalcogenide,0.763,2.85,-0.301
synthetic_000963,BrClLi4O,3.437,4.419,antiperovskite,0.982,7.0,-0.001
synthetic_000964,Al2KTi,2.092,3.021,phosphate,0.929,4.94,-1.558
synthetic_000965,AlNb2O4Sn2,4.419,5.564,oxide,1.145,3.76,-0.346
synthetic_000966,Al2GeN2,3.895,4.785,nitride,0.89,3.54,-2.394
synthetic_000967,Ga2In,2.664,3.329,chalcogenide,0.665,3.35,-2.193
synthetic_000968,KLi4Zr2,3.016,3.968,phosphate,0.952,4.65,-1.747
synthetic_000969,BrClLi5N2S2,4.34,5.336,antiperovskite,0.996,6.71,-2.01
synthetic_000970,HfLa3O11Ta2,5.547,6.744,garnet,1.197,2.49,-0.435
synthetic_000971,Li7Se5,2.888,3.659,argyrodite,0.771,6.62,-0.142
synthetic_000972,KO15Zr,3.169,4.006,phosphate,0.837,6.52,0.191
synthetic_000973,Ge2Na6S9Si,4.092,4.877,thiophosphate,0.785,7.05,0.17
synthetic_000974,Br2Cl2Li4Na2,4.653,5.423,antiperovskite,0.77,5.22,-0.185
synthetic_000975,Al2B2Ca2Zn,5.21,6.087,borohydride,0.877,4.38,-2.04
synthetic_000976,F7O3,5.784,7.179,fluoride,1.395,5.29,-2.903
synthetic_000977,BaNa2NbTi2Zr,3.698,4.835,perovskite,1.137,2.62,-2.629
synthetic_000978,AsI2Li5Na3Se4,2.767,3.476,argyrodite,0.709,7.2,0.06
synthetic_000979,AlLi3Na,7.992,9.238,fluoride,1.246,6.88,-2.383
synthetic_000980,AlMg2,4.583,5.602,borohydride,1.019,5.23,0.422
synthetic_000981,Ba2Na2TiZr2,3.856,4.983,perovskite,1.127,5.61,-1.505
synthetic_000982,AlGaIn2,3.127,3.651,chalcogenide,0.524,7.93,-2.119
synthetic_000983,La3LiNb,4.76,5.808,perovskite,1.048,5.12,-2.146
synthetic_000984,In2Li5Na2O0,3.133,3.974,nitride,0.841,3.33,-2.571
synthetic_000985,Er2In2Y2Zr2,6.114,7.021,halide,0.907,6.09,-1.87
synthetic_000986,Ge2In,3.177,3.967,nitride,0.79,5.01,-0.101
synthetic_000987,ErHfIn,6.452,7.522,halide,1.07,7.35,-1.045
synthetic_000988,AlGe2N4NaSi2,3.834,4.734,nitride,0.9,4.32,-1.799
synthetic_000989,Al2Li2Na4O,4.023,4.84,nitride,0.817,6.1,-1.835
synthetic_000990,Se5Si2,3.163,3.795,thiophosphate,0.632,7.53,-2.683
synthetic_000991,O14Sr2,4.627,5.531,perovskite,0.904,6.68,-2.729
synthetic_000992,Ba2Sr2Ta,5.037,6.23,perovskite,1.193,4.67,-2.522
synthetic_000993,F3LaO2,6.181,7.506,fluoride,1.325,6.69,-1.753
synthetic_000994,Al2Na,3.459,4.3,nitride,0.841,2.56,-0.897
synthetic_000995,Na3O12,2.428,3.268,phosphate,0.84,3.73,0.055
synthetic_000996,Al2B3CaNa3Zn,4.305,5.277,borohydride,0.972,3.38,-0.999
synthetic_000997,GeIn2O7Sn,6.394,7.327,oxide,0.933,6.98,-2.51
synthetic_000998,Br2Cl2Li5Na3,2.993,3.814,antiperovskite,0.821,3.5,-1.528
synthetic_000999,Cl5Hf,6.493,7.497,halide,1.004,5.67,0.054
synthetic_001000,Li3O9Sr3,4.087,5.059,perovskite,0.972,5.51,-1.372
